,Date,time,home_team,away_team
0,2024-10-22,07:30PM,BOS:Boston Celtics,NYK:New York Knicks
1,2024-10-22,10:00PM,LAL:Los Angeles Lakers,MIN:Minnesota Timberwolves
2,2024-10-23,07:00PM,DET:Detroit Pistons,IND:Indiana Pacers
3,2024-10-23,07:30PM,ATL:Atlanta Hawks,BRK:Brooklyn Nets
4,2024-10-23,07:30PM,MIA:Miami Heat,ORL:Orlando Magic
5,2024-10-23,07:30PM,PHI:Philadelphia 76ers,MIL:Milwaukee Bucks
6,2024-10-23,07:30PM,TOR:Toronto Raptors,CLE:Cleveland Cavaliers
7,2024-10-23,08:00PM,HOU:Houston Rockets,CHO:Charlotte Hornets
8,2024-10-23,08:00PM,NOP:New Orleans Pelicans,CHI:Chicago Bulls
9,2024-10-23,09:00PM,UTA:Utah Jazz,MEM:Memphis Grizzlies
10,2024-10-23,10:00PM,LAC:Los Angeles Clippers,PHO:Phoenix Suns
11,2024-10-23,10:00PM,POR:Portland Trail Blazers,GSW:Golden State Warriors
12,2024-10-24,07:00PM,WAS:Washington Wizards,BOS:Boston Celtics
13,2024-10-24,07:30PM,DAL:Dallas Mavericks,SAS:San Antonio Spurs
15,2024-10-24,10:00PM,DEN:Denver Nuggets,OKC:Oklahoma City Thunder
14,2024-10-24,10:00PM,SAC:Sacramento Kings,MIN:Minnesota Timberwolves
16,2024-10-25,07:00PM,ORL:Orlando Magic,BRK:Brooklyn Nets
17,2024-10-25,07:00PM,TOR:Toronto Raptors,PHI:Philadelphia 76ers
18,2024-10-25,07:30PM,ATL:Atlanta Hawks,CHO:Charlotte Hornets
19,2024-10-25,07:30PM,CLE:Cleveland Cavaliers,DET:Detroit Pistons
20,2024-10-25,07:30PM,NYK:New York Knicks,IND:Indiana Pacers
21,2024-10-25,08:00PM,HOU:Houston Rockets,MEM:Memphis Grizzlies
22,2024-10-25,08:00PM,MIL:Milwaukee Bucks,CHI:Chicago Bulls
23,2024-10-25,09:30PM,UTA:Utah Jazz,GSW:Golden State Warriors
24,2024-10-25,10:00PM,LAL:Los Angeles Lakers,PHO:Phoenix Suns
26,2024-10-25,10:00PM,POR:Portland Trail Blazers,NOP:New Orleans Pelicans
27,2024-10-26,05:00PM,DEN:Denver Nuggets,LAC:Los Angeles Clippers
30,2024-10-26,07:00PM,CHO:Charlotte Hornets,MIA:Miami Heat
29,2024-10-26,07:00PM,DET:Detroit Pistons,BOS:Boston Celtics
28,2024-10-26,07:00PM,WAS:Washington Wizards,CLE:Cleveland Cavaliers
33,2024-10-26,08:00PM,CHI:Chicago Bulls,OKC:Oklahoma City Thunder
31,2024-10-26,08:00PM,MEM:Memphis Grizzlies,ORL:Orlando Magic
32,2024-10-26,08:00PM,MIN:Minnesota Timberwolves,TOR:Toronto Raptors
34,2024-10-26,08:30PM,SAS:San Antonio Spurs,HOU:Houston Rockets
35,2024-10-26,10:00PM,PHO:Phoenix Suns,DAL:Dallas Mavericks
36,2024-10-26,10:30PM,LAL:Los Angeles Lakers,SAC:Sacramento Kings
37,2024-10-27,03:30PM,IND:Indiana Pacers,PHI:Philadelphia 76ers
39,2024-10-27,06:00PM,BRK:Brooklyn Nets,MIL:Milwaukee Bucks
38,2024-10-27,06:00PM,POR:Portland Trail Blazers,NOP:New Orleans Pelicans
40,2024-10-27,07:00PM,OKC:Oklahoma City Thunder,ATL:Atlanta Hawks
41,2024-10-27,08:30PM,GSW:Golden State Warriors,LAC:Los Angeles Clippers
42,2024-10-28,07:00PM,ORL:Orlando Magic,IND:Indiana Pacers
43,2024-10-28,07:30PM,ATL:Atlanta Hawks,WAS:Washington Wizards
44,2024-10-28,07:30PM,BOS:Boston Celtics,MIL:Milwaukee Bucks
46,2024-10-28,07:30PM,MIA:Miami Heat,DET:Detroit Pistons
47,2024-10-28,07:30PM,NYK:New York Knicks,CLE:Cleveland Cavaliers
45,2024-10-28,07:30PM,TOR:Toronto Raptors,DEN:Denver Nuggets
49,2024-10-28,08:00PM,MEM:Memphis Grizzlies,CHI:Chicago Bulls
48,2024-10-28,08:00PM,SAS:San Antonio Spurs,HOU:Houston Rockets
50,2024-10-28,08:30PM,DAL:Dallas Mavericks,UTA:Utah Jazz
53,2024-10-28,10:00PM,PHO:Phoenix Suns,LAL:Los Angeles Lakers
52,2024-10-28,10:00PM,SAC:Sacramento Kings,POR:Portland Trail Blazers
54,2024-10-29,07:30PM,BRK:Brooklyn Nets,DEN:Denver Nuggets
55,2024-10-29,07:30PM,MIN:Minnesota Timberwolves,DAL:Dallas Mavericks
56,2024-10-29,09:00PM,UTA:Utah Jazz,SAC:Sacramento Kings
57,2024-10-29,10:00PM,GSW:Golden State Warriors,NOP:New Orleans Pelicans
62,2024-10-30,07:00PM,CHO:Charlotte Hornets,TOR:Toronto Raptors
61,2024-10-30,07:00PM,CLE:Cleveland Cavaliers,LAL:Los Angeles Lakers
60,2024-10-30,07:00PM,IND:Indiana Pacers,BOS:Boston Celtics
58,2024-10-30,07:00PM,PHI:Philadelphia 76ers,DET:Detroit Pistons
59,2024-10-30,07:00PM,WAS:Washington Wizards,ATL:Atlanta Hawks
63,2024-10-30,07:30PM,MIA:Miami Heat,NYK:New York Knicks
64,2024-10-30,08:00PM,CHI:Chicago Bulls,ORL:Orlando Magic
65,2024-10-30,08:00PM,MEM:Memphis Grizzlies,BRK:Brooklyn Nets
66,2024-10-30,09:30PM,OKC:Oklahoma City Thunder,SAS:San Antonio Spurs
67,2024-10-30,10:00PM,GSW:Golden State Warriors,NOP:New Orleans Pelicans
68,2024-10-30,10:30PM,LAC:Los Angeles Clippers,POR:Portland Trail Blazers
69,2024-10-31,08:00PM,MEM:Memphis Grizzlies,MIL:Milwaukee Bucks
70,2024-10-31,08:30PM,DAL:Dallas Mavericks,HOU:Houston Rockets
71,2024-10-31,09:00PM,UTA:Utah Jazz,SAS:San Antonio Spurs
72,2024-10-31,10:30PM,LAC:Los Angeles Clippers,PHO:Phoenix Suns
0,2024-11-01,07:00PM,CHO:Charlotte Hornets,BOS:Boston Celtics
1,2024-11-01,07:00PM,CLE:Cleveland Cavaliers,ORL:Orlando Magic
2,2024-11-01,07:00PM,DET:Detroit Pistons,NYK:New York Knicks
3,2024-11-01,07:30PM,ATL:Atlanta Hawks,SAC:Sacramento Kings
4,2024-11-01,07:30PM,BRK:Brooklyn Nets,CHI:Chicago Bulls
5,2024-11-01,07:30PM,TOR:Toronto Raptors,LAL:Los Angeles Lakers
6,2024-11-01,08:00PM,NOP:New Orleans Pelicans,IND:Indiana Pacers
7,2024-11-01,09:30PM,MIN:Minnesota Timberwolves,DEN:Denver Nuggets
8,2024-11-01,10:00PM,POR:Portland Trail Blazers,OKC:Oklahoma City Thunder
9,2024-11-02,06:00PM,CHO:Charlotte Hornets,BOS:Boston Celtics
10,2024-11-02,07:30PM,PHI:Philadelphia 76ers,MEM:Memphis Grizzlies
11,2024-11-02,07:30PM,TOR:Toronto Raptors,SAC:Sacramento Kings
12,2024-11-02,08:00PM,HOU:Houston Rockets,GSW:Golden State Warriors
13,2024-11-02,08:00PM,MIL:Milwaukee Bucks,CLE:Cleveland Cavaliers
14,2024-11-02,08:00PM,SAS:San Antonio Spurs,MIN:Minnesota Timberwolves
15,2024-11-02,09:30PM,WAS:Washington Wizards,MIA:Miami Heat
16,2024-11-02,10:00PM,DEN:Denver Nuggets,UTA:Utah Jazz
17,2024-11-02,10:00PM,PHO:Phoenix Suns,POR:Portland Trail Blazers
18,2024-11-02,10:30PM,LAC:Los Angeles Clippers,OKC:Oklahoma City Thunder
19,2024-11-03,03:30PM,BRK:Brooklyn Nets,DET:Detroit Pistons
20,2024-11-03,07:00PM,NOP:New Orleans Pelicans,ATL:Atlanta Hawks
21,2024-11-03,07:30PM,DAL:Dallas Mavericks,ORL:Orlando Magic
22,2024-11-04,07:00PM,CLE:Cleveland Cavaliers,MIL:Milwaukee Bucks
23,2024-11-04,07:15PM,WAS:Washington Wizards,GSW:Golden State Warriors
24,2024-11-04,07:30PM,DET:Detroit Pistons,LAL:Los Angeles Lakers
26,2024-11-04,07:45PM,ATL:Atlanta Hawks,BOS:Boston Celtics
27,2024-11-04,08:00PM,BRK:Brooklyn Nets,MEM:Memphis Grizzlies
28,2024-11-04,08:15PM,MIA:Miami Heat,SAC:Sacramento Kings
29,2024-11-04,08:30PM,CHI:Chicago Bulls,UTA:Utah Jazz
30,2024-11-04,08:45PM,HOU:Houston Rockets,NYK:New York Knicks
31,2024-11-04,09:00PM,MIN:Minnesota Timberwolves,CHO:Charlotte Hornets
32,2024-11-04,09:15PM,OKC:Oklahoma City Thunder,ORL:Orlando Magic
33,2024-11-04,09:30PM,NOP:New Orleans Pelicans,POR:Portland Trail Blazers
34,2024-11-04,09:45PM,DAL:Dallas Mavericks,IND:Indiana Pacers
35,2024-11-04,10:00PM,DEN:Denver Nuggets,TOR:Toronto Raptors
36,2024-11-04,10:15PM,PHO:Phoenix Suns,PHI:Philadelphia 76ers
37,2024-11-04,10:30PM,LAC:Los Angeles Clippers,SAS:San Antonio Spurs
38,2024-11-06,07:00PM,CHO:Charlotte Hornets,DET:Detroit Pistons
39,2024-11-06,07:00PM,IND:Indiana Pacers,ORL:Orlando Magic
40,2024-11-06,07:30PM,ATL:Atlanta Hawks,NYK:New York Knicks
41,2024-11-06,07:30PM,BOS:Boston Celtics,GSW:Golden State Warriors
42,2024-11-06,08:00PM,HOU:Houston Rockets,SAS:San Antonio Spurs
43,2024-11-06,08:00PM,MEM:Memphis Grizzlies,LAL:Los Angeles Lakers
44,2024-11-06,08:00PM,NOP:New Orleans Pelicans,CLE:Cleveland Cavaliers
45,2024-11-06,08:30PM,DAL:Dallas Mavericks,CHI:Chicago Bulls
46,2024-11-06,09:00PM,DEN:Denver Nuggets,OKC:Oklahoma City Thunder
47,2024-11-06,09:00PM,PHO:Phoenix Suns,MIA:Miami Heat
48,2024-11-06,10:00PM,LAC:Los Angeles Clippers,PHI:Philadelphia 76ers
49,2024-11-06,10:00PM,SAC:Sacramento Kings,TOR:Toronto Raptors
50,2024-11-07,08:00PM,CHI:Chicago Bulls,MIN:Minnesota Timberwolves
52,2024-11-07,08:00PM,MIL:Milwaukee Bucks,UTA:Utah Jazz
53,2024-11-07,08:00PM,SAS:San Antonio Spurs,POR:Portland Trail Blazers
54,2024-11-08,07:00PM,CHO:Charlotte Hornets,IND:Indiana Pacers
55,2024-11-08,07:00PM,DET:Detroit Pistons,ATL:Atlanta Hawks
56,2024-11-08,07:00PM,ORL:Orlando Magic,NOP:New Orleans Pelicans
57,2024-11-08,07:30PM,BOS:Boston Celtics,BRK:Brooklyn Nets
58,2024-11-08,07:30PM,CLE:Cleveland Cavaliers,GSW:Golden State Warriors
59,2024-11-08,07:30PM,DAL:Dallas Mavericks,PHO:Phoenix Suns
60,2024-11-08,07:30PM,NYK:New York Knicks,MIL:Milwaukee Bucks
61,2024-11-08,08:00PM,MEM:Memphis Grizzlies,WAS:Washington Wizards
62,2024-11-08,08:00PM,OKC:Oklahoma City Thunder,HOU:Houston Rockets
63,2024-11-08,09:00PM,DEN:Denver Nuggets,MIA:Miami Heat
64,2024-11-08,09:00PM,MIN:Minnesota Timberwolves,POR:Portland Trail Blazers
65,2024-11-08,10:00PM,LAL:Los Angeles Lakers,PHI:Philadelphia 76ers
66,2024-11-08,10:00PM,SAC:Sacramento Kings,LAC:Los Angeles Clippers
67,2024-11-09,05:00PM,SAS:San Antonio Spurs,UTA:Utah Jazz
68,2024-11-09,07:30PM,ATL:Atlanta Hawks,CHI:Chicago Bulls
69,2024-11-09,07:30PM,CLE:Cleveland Cavaliers,BRK:Brooklyn Nets
70,2024-11-09,10:30PM,LAC:Los Angeles Clippers,TOR:Toronto Raptors
71,2024-11-10,03:00PM,DET:Detroit Pistons,HOU:Houston Rockets
72,2024-11-10,03:30PM,MIL:Milwaukee Bucks,BOS:Boston Celtics
73,2024-11-10,05:00PM,IND:Indiana Pacers,NYK:New York Knicks
74,2024-11-10,06:00PM,ORL:Orlando Magic,WAS:Washington Wizards
75,2024-11-10,07:00PM,MIN:Minnesota Timberwolves,MIA:Miami Heat
76,2024-11-10,07:00PM,OKC:Oklahoma City Thunder,GSW:Golden State Warriors
78,2024-11-10,07:00PM,PHI:Philadelphia 76ers,CHO:Charlotte Hornets
79,2024-11-10,08:00PM,DEN:Denver Nuggets,DAL:Dallas Mavericks
80,2024-11-10,08:00PM,PHO:Phoenix Suns,SAC:Sacramento Kings
81,2024-11-10,09:00PM,POR:Portland Trail Blazers,MEM:Memphis Grizzlies
82,2024-11-10,09:30PM,LAL:Los Angeles Lakers,TOR:Toronto Raptors
83,2024-11-11,08:00PM,CHI:Chicago Bulls,CLE:Cleveland Cavaliers
84,2024-11-11,08:00PM,HOU:Houston Rockets,WAS:Washington Wizards
85,2024-11-11,08:00PM,NOP:New Orleans Pelicans,BRK:Brooklyn Nets
86,2024-11-11,08:00PM,OKC:Oklahoma City Thunder,LAC:Los Angeles Clippers
87,2024-11-11,08:00PM,SAS:San Antonio Spurs,SAC:Sacramento Kings
88,2024-11-12,07:00PM,BOS:Boston Celtics,ATL:Atlanta Hawks
89,2024-11-12,07:00PM,DET:Detroit Pistons,MIA:Miami Heat
90,2024-11-12,07:00PM,ORL:Orlando Magic,CHO:Charlotte Hornets
91,2024-11-12,07:30PM,PHI:Philadelphia 76ers,NYK:New York Knicks
92,2024-11-12,08:00PM,MIL:Milwaukee Bucks,TOR:Toronto Raptors
93,2024-11-12,09:00PM,UTA:Utah Jazz,PHO:Phoenix Suns
94,2024-11-12,10:00PM,GSW:Golden State Warriors,DAL:Dallas Mavericks
95,2024-11-12,10:00PM,POR:Portland Trail Blazers,MIN:Minnesota Timberwolves
96,2024-11-13,07:00PM,ORL:Orlando Magic,IND:Indiana Pacers
97,2024-11-13,07:30PM,BRK:Brooklyn Nets,BOS:Boston Celtics
98,2024-11-13,07:30PM,NYK:New York Knicks,CHI:Chicago Bulls
99,2024-11-13,07:30PM,OKC:Oklahoma City Thunder,NOP:New Orleans Pelicans
100,2024-11-13,07:30PM,PHI:Philadelphia 76ers,CLE:Cleveland Cavaliers
101,2024-11-13,08:00PM,HOU:Houston Rockets,LAC:Los Angeles Clippers
102,2024-11-13,08:00PM,MIL:Milwaukee Bucks,DET:Detroit Pistons
104,2024-11-13,08:00PM,SAS:San Antonio Spurs,WAS:Washington Wizards
105,2024-11-13,10:00PM,LAL:Los Angeles Lakers,MEM:Memphis Grizzlies
106,2024-11-13,10:00PM,POR:Portland Trail Blazers,MIN:Minnesota Timberwolves
107,2024-11-13,10:00PM,SAC:Sacramento Kings,PHO:Phoenix Suns
108,2024-11-14,09:00PM,UTA:Utah Jazz,DAL:Dallas Mavericks
109,2024-11-15,07:00PM,IND:Indiana Pacers,MIA:Miami Heat
110,2024-11-15,07:00PM,ORL:Orlando Magic,PHI:Philadelphia 76ers
111,2024-11-15,07:00PM,TOR:Toronto Raptors,DET:Detroit Pistons
112,2024-11-15,07:30PM,ATL:Atlanta Hawks,WAS:Washington Wizards
113,2024-11-15,07:30PM,CLE:Cleveland Cavaliers,CHI:Chicago Bulls
114,2024-11-15,07:30PM,NYK:New York Knicks,BRK:Brooklyn Nets
115,2024-11-15,07:30PM,SAS:San Antonio Spurs,LAL:Los Angeles Lakers
116,2024-11-15,08:00PM,HOU:Houston Rockets,LAC:Los Angeles Clippers
117,2024-11-15,08:00PM,NOP:New Orleans Pelicans,DEN:Denver Nuggets
118,2024-11-15,08:00PM,OKC:Oklahoma City Thunder,PHO:Phoenix Suns
119,2024-11-15,10:00PM,GSW:Golden State Warriors,MEM:Memphis Grizzlies
120,2024-11-15,10:00PM,SAC:Sacramento Kings,MIN:Minnesota Timberwolves
121,2024-11-16,03:00PM,CHO:Charlotte Hornets,MIL:Milwaukee Bucks
122,2024-11-16,08:00PM,BOS:Boston Celtics,TOR:Toronto Raptors
123,2024-11-16,08:00PM,NOP:New Orleans Pelicans,LAL:Los Angeles Lakers
124,2024-11-16,08:30PM,DAL:Dallas Mavericks,SAS:San Antonio Spurs
125,2024-11-16,10:00PM,SAC:Sacramento Kings,UTA:Utah Jazz
126,2024-11-17,03:30PM,MIN:Minnesota Timberwolves,PHO:Phoenix Suns
127,2024-11-17,05:00PM,IND:Indiana Pacers,MIA:Miami Heat
128,2024-11-17,06:00PM,CLE:Cleveland Cavaliers,CHO:Charlotte Hornets
130,2024-11-17,06:00PM,MEM:Memphis Grizzlies,DEN:Denver Nuggets
131,2024-11-17,06:00PM,POR:Portland Trail Blazers,ATL:Atlanta Hawks
132,2024-11-17,06:00PM,WAS:Washington Wizards,DET:Detroit Pistons
133,2024-11-17,07:00PM,CHI:Chicago Bulls,HOU:Houston Rockets
134,2024-11-17,07:00PM,NYK:New York Knicks,BRK:Brooklyn Nets
135,2024-11-17,07:00PM,OKC:Oklahoma City Thunder,DAL:Dallas Mavericks
136,2024-11-17,09:00PM,LAC:Los Angeles Clippers,UTA:Utah Jazz
137,2024-11-18,07:00PM,DET:Detroit Pistons,CHI:Chicago Bulls
138,2024-11-18,07:30PM,MIA:Miami Heat,PHI:Philadelphia 76ers
139,2024-11-18,07:30PM,NYK:New York Knicks,WAS:Washington Wizards
140,2024-11-18,07:30PM,TOR:Toronto Raptors,IND:Indiana Pacers
141,2024-11-18,08:00PM,MIL:Milwaukee Bucks,HOU:Houston Rockets
142,2024-11-18,09:00PM,PHO:Phoenix Suns,ORL:Orlando Magic
143,2024-11-18,10:00PM,SAC:Sacramento Kings,ATL:Atlanta Hawks
144,2024-11-18,10:30PM,LAC:Los Angeles Clippers,GSW:Golden State Warriors
145,2024-11-19,07:00PM,BOS:Boston Celtics,CLE:Cleveland Cavaliers
146,2024-11-19,07:30PM,BRK:Brooklyn Nets,CHO:Charlotte Hornets
147,2024-11-19,08:00PM,MEM:Memphis Grizzlies,DEN:Denver Nuggets
148,2024-11-19,08:30PM,DAL:Dallas Mavericks,NOP:New Orleans Pelicans
149,2024-11-19,09:30PM,SAS:San Antonio Spurs,OKC:Oklahoma City Thunder
150,2024-11-19,10:30PM,LAL:Los Angeles Lakers,UTA:Utah Jazz
151,2024-11-20,07:30PM,CLE:Cleveland Cavaliers,NOP:New Orleans Pelicans
152,2024-11-20,07:30PM,MIL:Milwaukee Bucks,CHI:Chicago Bulls
153,2024-11-20,08:00PM,HOU:Houston Rockets,IND:Indiana Pacers
154,2024-11-20,08:00PM,MEM:Memphis Grizzlies,PHI:Philadelphia 76ers
156,2024-11-20,08:00PM,OKC:Oklahoma City Thunder,POR:Portland Trail Blazers
157,2024-11-20,10:00PM,GSW:Golden State Warriors,ATL:Atlanta Hawks
158,2024-11-20,10:00PM,PHO:Phoenix Suns,NYK:New York Knicks
159,2024-11-20,10:30PM,LAC:Los Angeles Clippers,ORL:Orlando Magic
160,2024-11-21,07:00PM,CHO:Charlotte Hornets,DET:Detroit Pistons
161,2024-11-21,07:30PM,TOR:Toronto Raptors,MIN:Minnesota Timberwolves
162,2024-11-21,08:00PM,SAS:San Antonio Spurs,UTA:Utah Jazz
163,2024-11-21,10:30PM,LAL:Los Angeles Lakers,ORL:Orlando Magic
164,2024-11-22,07:00PM,PHI:Philadelphia 76ers,BRK:Brooklyn Nets
165,2024-11-22,07:00PM,WAS:Washington Wizards,BOS:Boston Celtics
166,2024-11-22,07:30PM,NOP:New Orleans Pelicans,GSW:Golden State Warriors
167,2024-11-22,08:00PM,CHI:Chicago Bulls,ATL:Atlanta Hawks
168,2024-11-22,08:00PM,HOU:Houston Rockets,POR:Portland Trail Blazers
169,2024-11-22,08:00PM,MIL:Milwaukee Bucks,IND:Indiana Pacers
170,2024-11-22,10:00PM,DEN:Denver Nuggets,DAL:Dallas Mavericks
171,2024-11-22,10:30PM,LAC:Los Angeles Clippers,SAC:Sacramento Kings
172,2024-11-23,05:00PM,UTA:Utah Jazz,NYK:New York Knicks
173,2024-11-23,07:00PM,ORL:Orlando Magic,DET:Detroit Pistons
174,2024-11-23,08:00PM,CHI:Chicago Bulls,MEM:Memphis Grizzlies
175,2024-11-23,08:00PM,HOU:Houston Rockets,POR:Portland Trail Blazers
176,2024-11-23,08:00PM,MIL:Milwaukee Bucks,CHO:Charlotte Hornets
177,2024-11-23,08:30PM,SAS:San Antonio Spurs,GSW:Golden State Warriors
178,2024-11-23,10:30PM,LAL:Los Angeles Lakers,DEN:Denver Nuggets
179,2024-11-24,03:30PM,BOS:Boston Celtics,MIN:Minnesota Timberwolves
180,2024-11-24,05:00PM,IND:Indiana Pacers,WAS:Washington Wizards
182,2024-11-24,06:00PM,MIA:Miami Heat,DAL:Dallas Mavericks
183,2024-11-24,06:00PM,PHI:Philadelphia 76ers,LAC:Los Angeles Clippers
184,2024-11-24,07:30PM,CLE:Cleveland Cavaliers,TOR:Toronto Raptors
185,2024-11-24,09:00PM,SAC:Sacramento Kings,BRK:Brooklyn Nets
186,2024-11-25,07:00PM,CHO:Charlotte Hornets,ORL:Orlando Magic
187,2024-11-25,07:00PM,DET:Detroit Pistons,TOR:Toronto Raptors
188,2024-11-25,07:00PM,IND:Indiana Pacers,NOP:New Orleans Pelicans
189,2024-11-25,07:30PM,ATL:Atlanta Hawks,DAL:Dallas Mavericks
190,2024-11-25,07:30PM,BOS:Boston Celtics,LAC:Los Angeles Clippers
191,2024-11-25,08:00PM,MEM:Memphis Grizzlies,POR:Portland Trail Blazers
192,2024-11-25,09:00PM,DEN:Denver Nuggets,NYK:New York Knicks
193,2024-11-25,10:00PM,GSW:Golden State Warriors,BRK:Brooklyn Nets
194,2024-11-25,10:00PM,SAC:Sacramento Kings,OKC:Oklahoma City Thunder
195,2024-11-26,07:00PM,WAS:Washington Wizards,CHI:Chicago Bulls
196,2024-11-26,07:30PM,MIA:Miami Heat,MIL:Milwaukee Bucks
197,2024-11-26,08:00PM,MIN:Minnesota Timberwolves,HOU:Houston Rockets
198,2024-11-26,09:00PM,UTA:Utah Jazz,SAS:San Antonio Spurs
199,2024-11-26,10:00PM,PHO:Phoenix Suns,LAL:Los Angeles Lakers
200,2024-11-27,07:00PM,CHO:Charlotte Hornets,MIA:Miami Heat
201,2024-11-27,07:00PM,CLE:Cleveland Cavaliers,ATL:Atlanta Hawks
202,2024-11-27,07:00PM,IND:Indiana Pacers,POR:Portland Trail Blazers
203,2024-11-27,07:00PM,ORL:Orlando Magic,CHI:Chicago Bulls
204,2024-11-27,07:00PM,PHI:Philadelphia 76ers,HOU:Houston Rockets
205,2024-11-27,07:00PM,WAS:Washington Wizards,LAC:Los Angeles Clippers
206,2024-11-27,07:30PM,DAL:Dallas Mavericks,NYK:New York Knicks
208,2024-11-27,08:00PM,MEM:Memphis Grizzlies,DET:Detroit Pistons
209,2024-11-27,08:00PM,MIN:Minnesota Timberwolves,SAC:Sacramento Kings
210,2024-11-27,08:00PM,NOP:New Orleans Pelicans,TOR:Toronto Raptors
211,2024-11-27,08:30PM,SAS:San Antonio Spurs,LAL:Los Angeles Lakers
212,2024-11-27,09:00PM,PHO:Phoenix Suns,BRK:Brooklyn Nets
213,2024-11-27,09:00PM,UTA:Utah Jazz,DEN:Denver Nuggets
214,2024-11-27,10:00PM,GSW:Golden State Warriors,OKC:Oklahoma City Thunder
216,2024-11-29,02:30PM,ATL:Atlanta Hawks,CLE:Cleveland Cavaliers
217,2024-11-29,05:00PM,MEM:Memphis Grizzlies,NOP:New Orleans Pelicans
218,2024-11-29,07:30PM,BRK:Brooklyn Nets,ORL:Orlando Magic
219,2024-11-29,07:30PM,MIN:Minnesota Timberwolves,LAC:Los Angeles Clippers
220,2024-11-29,08:00PM,CHI:Chicago Bulls,BOS:Boston Celtics
221,2024-11-29,08:00PM,IND:Indiana Pacers,DET:Detroit Pistons
222,2024-11-29,08:00PM,MIA:Miami Heat,TOR:Toronto Raptors
223,2024-11-29,10:00PM,LAL:Los Angeles Lakers,OKC:Oklahoma City Thunder
224,2024-11-29,10:00PM,POR:Portland Trail Blazers,SAC:Sacramento Kings
215,2024-11-29,12:00PM,CHO:Charlotte Hornets,NYK:New York Knicks
225,2024-11-30,06:00PM,CHO:Charlotte Hornets,ATL:Atlanta Hawks
226,2024-11-30,07:00PM,DET:Detroit Pistons,PHI:Philadelphia 76ers
227,2024-11-30,08:00PM,MIL:Milwaukee Bucks,WAS:Washington Wizards
228,2024-11-30,09:00PM,PHO:Phoenix Suns,GSW:Golden State Warriors
229,2024-11-30,09:30PM,UTA:Utah Jazz,DAL:Dallas Mavericks
0,2024-12-01,03:30PM,BRK:Brooklyn Nets,ORL:Orlando Magic
1,2024-12-01,03:30PM,MEM:Memphis Grizzlies,IND:Indiana Pacers
2,2024-12-01,06:00PM,CLE:Cleveland Cavaliers,BOS:Boston Celtics
3,2024-12-01,06:00PM,NYK:New York Knicks,NOP:New Orleans Pelicans
4,2024-12-01,06:00PM,TOR:Toronto Raptors,MIA:Miami Heat
5,2024-12-01,07:00PM,HOU:Houston Rockets,OKC:Oklahoma City Thunder
6,2024-12-01,08:00PM,UTA:Utah Jazz,LAL:Los Angeles Lakers
7,2024-12-01,09:00PM,POR:Portland Trail Blazers,DAL:Dallas Mavericks
8,2024-12-01,09:00PM,SAC:Sacramento Kings,SAS:San Antonio Spurs
9,2024-12-01,10:00PM,LAC:Los Angeles Clippers,DEN:Denver Nuggets
10,2024-12-02,07:30PM,ATL:Atlanta Hawks,NOP:New Orleans Pelicans
11,2024-12-02,07:30PM,BOS:Boston Celtics,MIA:Miami Heat
12,2024-12-02,08:00PM,CHI:Chicago Bulls,BRK:Brooklyn Nets
13,2024-12-02,08:00PM,MIN:Minnesota Timberwolves,LAL:Los Angeles Lakers
14,2024-12-03,07:00PM,CHO:Charlotte Hornets,PHI:Philadelphia 76ers
15,2024-12-03,07:00PM,CLE:Cleveland Cavaliers,WAS:Washington Wizards
16,2024-12-03,07:00PM,DET:Detroit Pistons,MIL:Milwaukee Bucks
17,2024-12-03,07:30PM,NYK:New York Knicks,ORL:Orlando Magic
18,2024-12-03,07:30PM,TOR:Toronto Raptors,IND:Indiana Pacers
19,2024-12-03,08:00PM,OKC:Oklahoma City Thunder,UTA:Utah Jazz
20,2024-12-03,08:30PM,DAL:Dallas Mavericks,MEM:Memphis Grizzlies
21,2024-12-03,09:00PM,PHO:Phoenix Suns,SAS:San Antonio Spurs
22,2024-12-03,10:00PM,DEN:Denver Nuggets,GSW:Golden State Warriors
23,2024-12-03,10:00PM,SAC:Sacramento Kings,HOU:Houston Rockets
24,2024-12-03,10:30PM,LAC:Los Angeles Clippers,POR:Portland Trail Blazers
26,2024-12-04,07:30PM,BOS:Boston Celtics,DET:Detroit Pistons
27,2024-12-04,07:30PM,BRK:Brooklyn Nets,IND:Indiana Pacers
28,2024-12-04,07:30PM,MIA:Miami Heat,LAL:Los Angeles Lakers
29,2024-12-04,07:30PM,PHI:Philadelphia 76ers,ORL:Orlando Magic
30,2024-12-04,08:00PM,MIL:Milwaukee Bucks,ATL:Atlanta Hawks
31,2024-12-04,10:30PM,LAC:Los Angeles Clippers,MIN:Minnesota Timberwolves
32,2024-12-05,07:00PM,CLE:Cleveland Cavaliers,DEN:Denver Nuggets
33,2024-12-05,07:00PM,WAS:Washington Wizards,DAL:Dallas Mavericks
34,2024-12-05,07:30PM,NYK:New York Knicks,CHO:Charlotte Hornets
35,2024-12-05,07:30PM,TOR:Toronto Raptors,OKC:Oklahoma City Thunder
36,2024-12-05,08:00PM,MEM:Memphis Grizzlies,SAC:Sacramento Kings
37,2024-12-05,08:00PM,NOP:New Orleans Pelicans,PHO:Phoenix Suns
38,2024-12-05,08:00PM,SAS:San Antonio Spurs,CHI:Chicago Bulls
39,2024-12-05,10:00PM,GSW:Golden State Warriors,HOU:Houston Rockets
40,2024-12-06,07:00PM,PHI:Philadelphia 76ers,ORL:Orlando Magic
41,2024-12-06,07:30PM,ATL:Atlanta Hawks,LAL:Los Angeles Lakers
42,2024-12-06,07:30PM,BOS:Boston Celtics,MIL:Milwaukee Bucks
43,2024-12-06,08:00PM,CHI:Chicago Bulls,IND:Indiana Pacers
44,2024-12-06,08:00PM,SAS:San Antonio Spurs,SAC:Sacramento Kings
45,2024-12-06,10:00PM,GSW:Golden State Warriors,MIN:Minnesota Timberwolves
46,2024-12-06,10:00PM,POR:Portland Trail Blazers,UTA:Utah Jazz
47,2024-12-07,01:00PM,CHO:Charlotte Hornets,CLE:Cleveland Cavaliers
48,2024-12-07,07:00PM,NOP:New Orleans Pelicans,OKC:Oklahoma City Thunder
49,2024-12-07,07:00PM,WAS:Washington Wizards,DEN:Denver Nuggets
50,2024-12-07,07:30PM,NYK:New York Knicks,DET:Detroit Pistons
52,2024-12-07,07:30PM,TOR:Toronto Raptors,DAL:Dallas Mavericks
53,2024-12-07,08:00PM,BOS:Boston Celtics,MEM:Memphis Grizzlies
54,2024-12-07,08:00PM,MIA:Miami Heat,PHO:Phoenix Suns
55,2024-12-08,01:00PM,CHI:Chicago Bulls,PHI:Philadelphia 76ers
56,2024-12-08,03:30PM,BRK:Brooklyn Nets,MIL:Milwaukee Bucks
57,2024-12-08,05:00PM,IND:Indiana Pacers,CHO:Charlotte Hornets
58,2024-12-08,06:00PM,ATL:Atlanta Hawks,DEN:Denver Nuggets
59,2024-12-08,06:00PM,MIA:Miami Heat,CLE:Cleveland Cavaliers
60,2024-12-08,06:30PM,ORL:Orlando Magic,PHO:Phoenix Suns
61,2024-12-08,07:00PM,SAS:San Antonio Spurs,NOP:New Orleans Pelicans
62,2024-12-08,07:00PM,WAS:Washington Wizards,MEM:Memphis Grizzlies
63,2024-12-08,08:30PM,GSW:Golden State Warriors,MIN:Minnesota Timberwolves
64,2024-12-08,09:00PM,LAC:Los Angeles Clippers,HOU:Houston Rockets
65,2024-12-08,09:00PM,SAC:Sacramento Kings,UTA:Utah Jazz
66,2024-12-08,09:30PM,LAL:Los Angeles Lakers,POR:Portland Trail Blazers
67,2024-12-09,07:30PM,TOR:Toronto Raptors,NYK:New York Knicks
68,2024-12-10,07:00PM,MIL:Milwaukee Bucks,ORL:Orlando Magic
69,2024-12-10,09:30PM,OKC:Oklahoma City Thunder,DAL:Dallas Mavericks
70,2024-12-11,07:00PM,NYK:New York Knicks,ATL:Atlanta Hawks
71,2024-12-11,09:30PM,HOU:Houston Rockets,GSW:Golden State Warriors
72,2024-12-12,07:30PM,BOS:Boston Celtics,DET:Detroit Pistons
73,2024-12-12,07:30PM,MIA:Miami Heat,TOR:Toronto Raptors
74,2024-12-12,08:00PM,NOP:New Orleans Pelicans,SAC:Sacramento Kings
75,2024-12-13,07:00PM,CLE:Cleveland Cavaliers,WAS:Washington Wizards
76,2024-12-13,07:00PM,PHI:Philadelphia 76ers,IND:Indiana Pacers
78,2024-12-13,08:00PM,CHI:Chicago Bulls,CHO:Charlotte Hornets
79,2024-12-13,08:00PM,MEM:Memphis Grizzlies,BRK:Brooklyn Nets
80,2024-12-13,08:00PM,MIN:Minnesota Timberwolves,LAL:Los Angeles Lakers
81,2024-12-13,09:00PM,DEN:Denver Nuggets,LAC:Los Angeles Clippers
82,2024-12-13,09:30PM,UTA:Utah Jazz,PHO:Phoenix Suns
83,2024-12-13,10:00PM,POR:Portland Trail Blazers,SAS:San Antonio Spurs
84,2024-12-14,04:30PM,MIL:Milwaukee Bucks,ATL:Atlanta Hawks
85,2024-12-14,08:30PM,OKC:Oklahoma City Thunder,HOU:Houston Rockets
86,2024-12-15,05:00PM,IND:Indiana Pacers,NOP:New Orleans Pelicans
87,2024-12-15,06:00PM,ORL:Orlando Magic,NYK:New York Knicks
88,2024-12-15,06:00PM,WAS:Washington Wizards,BOS:Boston Celtics
89,2024-12-15,07:00PM,SAS:San Antonio Spurs,MIN:Minnesota Timberwolves
90,2024-12-15,08:00PM,PHO:Phoenix Suns,POR:Portland Trail Blazers
91,2024-12-15,08:30PM,GSW:Golden State Warriors,DAL:Dallas Mavericks
92,2024-12-15,09:30PM,LAL:Los Angeles Lakers,MEM:Memphis Grizzlies
93,2024-12-16,07:00PM,CHO:Charlotte Hornets,PHI:Philadelphia 76ers
94,2024-12-16,07:00PM,DET:Detroit Pistons,MIA:Miami Heat
95,2024-12-16,07:30PM,BRK:Brooklyn Nets,CLE:Cleveland Cavaliers
96,2024-12-16,07:30PM,TOR:Toronto Raptors,CHI:Chicago Bulls
97,2024-12-16,10:00PM,SAC:Sacramento Kings,DEN:Denver Nuggets
98,2024-12-16,10:30PM,LAC:Los Angeles Clippers,UTA:Utah Jazz
99,2024-12-17,08:30PM,OKC:Oklahoma City Thunder,MIL:Milwaukee Bucks
100,2024-12-19,07:00PM,DET:Detroit Pistons,UTA:Utah Jazz
101,2024-12-19,07:00PM,ORL:Orlando Magic,OKC:Oklahoma City Thunder
102,2024-12-19,07:00PM,WAS:Washington Wizards,CHO:Charlotte Hornets
104,2024-12-19,07:30PM,BOS:Boston Celtics,CHI:Chicago Bulls
105,2024-12-19,07:30PM,TOR:Toronto Raptors,BRK:Brooklyn Nets
106,2024-12-19,08:00PM,HOU:Houston Rockets,NOP:New Orleans Pelicans
107,2024-12-19,08:00PM,MEM:Memphis Grizzlies,GSW:Golden State Warriors
108,2024-12-19,08:00PM,SAS:San Antonio Spurs,ATL:Atlanta Hawks
109,2024-12-19,08:30PM,DAL:Dallas Mavericks,LAC:Los Angeles Clippers
110,2024-12-19,09:00PM,PHO:Phoenix Suns,IND:Indiana Pacers
111,2024-12-19,09:30PM,MIN:Minnesota Timberwolves,NYK:New York Knicks
112,2024-12-19,10:00PM,POR:Portland Trail Blazers,DEN:Denver Nuggets
113,2024-12-19,10:00PM,SAC:Sacramento Kings,LAL:Los Angeles Lakers
114,2024-12-20,07:00PM,PHI:Philadelphia 76ers,CHO:Charlotte Hornets
115,2024-12-20,07:30PM,CLE:Cleveland Cavaliers,MIL:Milwaukee Bucks
116,2024-12-20,08:00PM,MIA:Miami Heat,OKC:Oklahoma City Thunder
117,2024-12-21,06:00PM,SAC:Sacramento Kings,LAL:Los Angeles Lakers
118,2024-12-21,07:00PM,ORL:Orlando Magic,MIA:Miami Heat
119,2024-12-21,07:30PM,ATL:Atlanta Hawks,MEM:Memphis Grizzlies
120,2024-12-21,07:30PM,BRK:Brooklyn Nets,UTA:Utah Jazz
121,2024-12-21,08:00PM,CHI:Chicago Bulls,BOS:Boston Celtics
122,2024-12-21,08:00PM,CLE:Cleveland Cavaliers,PHI:Philadelphia 76ers
123,2024-12-21,08:00PM,MIL:Milwaukee Bucks,WAS:Washington Wizards
124,2024-12-21,08:00PM,MIN:Minnesota Timberwolves,GSW:Golden State Warriors
125,2024-12-21,08:00PM,NOP:New Orleans Pelicans,NYK:New York Knicks
126,2024-12-21,08:30PM,DAL:Dallas Mavericks,LAC:Los Angeles Clippers
127,2024-12-21,08:30PM,SAS:San Antonio Spurs,POR:Portland Trail Blazers
128,2024-12-21,09:00PM,PHO:Phoenix Suns,DET:Detroit Pistons
130,2024-12-22,06:00PM,SAC:Sacramento Kings,IND:Indiana Pacers
131,2024-12-22,06:00PM,TOR:Toronto Raptors,HOU:Houston Rockets
132,2024-12-22,07:00PM,NOP:New Orleans Pelicans,DEN:Denver Nuggets
133,2024-12-23,07:00PM,CHO:Charlotte Hornets,HOU:Houston Rockets
134,2024-12-23,07:00PM,CLE:Cleveland Cavaliers,UTA:Utah Jazz
135,2024-12-23,07:00PM,ORL:Orlando Magic,BOS:Boston Celtics
136,2024-12-23,07:00PM,PHI:Philadelphia 76ers,SAS:San Antonio Spurs
137,2024-12-23,07:30PM,ATL:Atlanta Hawks,MIN:Minnesota Timberwolves
138,2024-12-23,07:30PM,MIA:Miami Heat,BRK:Brooklyn Nets
139,2024-12-23,07:30PM,NYK:New York Knicks,TOR:Toronto Raptors
140,2024-12-23,08:00PM,CHI:Chicago Bulls,MIL:Milwaukee Bucks
141,2024-12-23,08:00PM,MEM:Memphis Grizzlies,LAC:Los Angeles Clippers
142,2024-12-23,08:00PM,OKC:Oklahoma City Thunder,WAS:Washington Wizards
143,2024-12-23,08:30PM,DAL:Dallas Mavericks,POR:Portland Trail Blazers
144,2024-12-23,10:00PM,DEN:Denver Nuggets,PHO:Phoenix Suns
145,2024-12-23,10:00PM,GSW:Golden State Warriors,IND:Indiana Pacers
146,2024-12-23,10:30PM,LAL:Los Angeles Lakers,DET:Detroit Pistons
148,2024-12-25,02:30PM,DAL:Dallas Mavericks,MIN:Minnesota Timberwolves
149,2024-12-25,05:00PM,BOS:Boston Celtics,PHI:Philadelphia 76ers
150,2024-12-25,08:00PM,GSW:Golden State Warriors,LAL:Los Angeles Lakers
151,2024-12-25,10:30PM,PHO:Phoenix Suns,DEN:Denver Nuggets
147,2024-12-25,12:00PM,NYK:New York Knicks,SAS:San Antonio Spurs
152,2024-12-26,07:00PM,IND:Indiana Pacers,OKC:Oklahoma City Thunder
153,2024-12-26,07:00PM,ORL:Orlando Magic,MIA:Miami Heat
154,2024-12-26,07:00PM,WAS:Washington Wizards,CHO:Charlotte Hornets
156,2024-12-26,07:30PM,ATL:Atlanta Hawks,CHI:Chicago Bulls
157,2024-12-26,08:00PM,MEM:Memphis Grizzlies,TOR:Toronto Raptors
158,2024-12-26,08:00PM,MIL:Milwaukee Bucks,BRK:Brooklyn Nets
159,2024-12-26,08:00PM,NOP:New Orleans Pelicans,HOU:Houston Rockets
160,2024-12-26,10:00PM,POR:Portland Trail Blazers,UTA:Utah Jazz
161,2024-12-26,10:00PM,SAC:Sacramento Kings,DET:Detroit Pistons
162,2024-12-27,07:00PM,ORL:Orlando Magic,NYK:New York Knicks
163,2024-12-27,07:30PM,BOS:Boston Celtics,IND:Indiana Pacers
164,2024-12-27,07:30PM,BRK:Brooklyn Nets,SAS:San Antonio Spurs
165,2024-12-27,08:00PM,HOU:Houston Rockets,MIN:Minnesota Timberwolves
166,2024-12-27,08:00PM,NOP:New Orleans Pelicans,MEM:Memphis Grizzlies
167,2024-12-27,09:00PM,DEN:Denver Nuggets,CLE:Cleveland Cavaliers
168,2024-12-27,09:00PM,PHO:Phoenix Suns,DAL:Dallas Mavericks
169,2024-12-27,10:00PM,LAC:Los Angeles Clippers,GSW:Golden State Warriors
170,2024-12-28,03:00PM,ATL:Atlanta Hawks,MIA:Miami Heat
171,2024-12-28,06:00PM,CHO:Charlotte Hornets,OKC:Oklahoma City Thunder
172,2024-12-28,07:00PM,WAS:Washington Wizards,NYK:New York Knicks
173,2024-12-28,08:00PM,CHI:Chicago Bulls,MIL:Milwaukee Bucks
174,2024-12-28,08:30PM,GSW:Golden State Warriors,PHO:Phoenix Suns
175,2024-12-28,09:00PM,DEN:Denver Nuggets,DET:Detroit Pistons
176,2024-12-28,09:30PM,UTA:Utah Jazz,PHI:Philadelphia 76ers
177,2024-12-28,10:00PM,POR:Portland Trail Blazers,DAL:Dallas Mavericks
178,2024-12-28,10:30PM,LAL:Los Angeles Lakers,SAC:Sacramento Kings
179,2024-12-29,03:30PM,ORL:Orlando Magic,BRK:Brooklyn Nets
180,2024-12-29,06:00PM,BOS:Boston Celtics,IND:Indiana Pacers
182,2024-12-29,06:00PM,TOR:Toronto Raptors,ATL:Atlanta Hawks
183,2024-12-29,07:00PM,HOU:Houston Rockets,MIA:Miami Heat
184,2024-12-29,07:00PM,OKC:Oklahoma City Thunder,MEM:Memphis Grizzlies
185,2024-12-29,09:00PM,MIN:Minnesota Timberwolves,SAS:San Antonio Spurs
186,2024-12-30,07:00PM,CHO:Charlotte Hornets,CHI:Chicago Bulls
187,2024-12-30,07:00PM,WAS:Washington Wizards,NYK:New York Knicks
188,2024-12-30,08:00PM,NOP:New Orleans Pelicans,LAC:Los Angeles Clippers
189,2024-12-30,09:00PM,UTA:Utah Jazz,DEN:Denver Nuggets
190,2024-12-30,10:00PM,GSW:Golden State Warriors,CLE:Cleveland Cavaliers
191,2024-12-30,10:00PM,POR:Portland Trail Blazers,PHI:Philadelphia 76ers
192,2024-12-30,10:00PM,SAC:Sacramento Kings,DAL:Dallas Mavericks
193,2024-12-31,03:00PM,BOS:Boston Celtics,TOR:Toronto Raptors
194,2024-12-31,03:00PM,IND:Indiana Pacers,MIL:Milwaukee Bucks
195,2024-12-31,07:00PM,SAS:San Antonio Spurs,LAC:Los Angeles Clippers
196,2024-12-31,08:00PM,OKC:Oklahoma City Thunder,MIN:Minnesota Timberwolves
197,2024-12-31,09:00PM,LAL:Los Angeles Lakers,CLE:Cleveland Cavaliers
198,2024-12-31,09:00PM,PHO:Phoenix Suns,MEM:Memphis Grizzlies
0,2025-01-01,07:00PM,DET:Detroit Pistons,ORL:Orlando Magic
1,2025-01-01,07:00PM,WAS:Washington Wizards,CHI:Chicago Bulls
2,2025-01-01,07:30PM,MIA:Miami Heat,NOP:New Orleans Pelicans
3,2025-01-01,07:30PM,NYK:New York Knicks,UTA:Utah Jazz
4,2025-01-01,07:30PM,TOR:Toronto Raptors,BRK:Brooklyn Nets
5,2025-01-01,08:00PM,HOU:Houston Rockets,DAL:Dallas Mavericks
6,2025-01-01,09:00PM,DEN:Denver Nuggets,ATL:Atlanta Hawks
7,2025-01-01,10:00PM,SAC:Sacramento Kings,PHI:Philadelphia 76ers
8,2025-01-02,07:30PM,MIA:Miami Heat,IND:Indiana Pacers
9,2025-01-02,07:30PM,MIN:Minnesota Timberwolves,BOS:Boston Celtics
10,2025-01-02,08:00PM,MIL:Milwaukee Bucks,BRK:Brooklyn Nets
11,2025-01-02,08:00PM,OKC:Oklahoma City Thunder,LAC:Los Angeles Clippers
12,2025-01-02,10:00PM,GSW:Golden State Warriors,PHI:Philadelphia 76ers
13,2025-01-02,10:30PM,LAL:Los Angeles Lakers,POR:Portland Trail Blazers
14,2025-01-03,07:00PM,DET:Detroit Pistons,CHO:Charlotte Hornets
15,2025-01-03,07:30PM,TOR:Toronto Raptors,ORL:Orlando Magic
16,2025-01-03,08:00PM,HOU:Houston Rockets,BOS:Boston Celtics
17,2025-01-03,08:00PM,NOP:New Orleans Pelicans,WAS:Washington Wizards
18,2025-01-03,08:00PM,OKC:Oklahoma City Thunder,NYK:New York Knicks
19,2025-01-03,08:30PM,DAL:Dallas Mavericks,CLE:Cleveland Cavaliers
20,2025-01-03,09:00PM,DEN:Denver Nuggets,SAS:San Antonio Spurs
21,2025-01-03,10:00PM,SAC:Sacramento Kings,MEM:Memphis Grizzlies
22,2025-01-03,10:30PM,LAL:Los Angeles Lakers,ATL:Atlanta Hawks
23,2025-01-04,06:00PM,BRK:Brooklyn Nets,PHI:Philadelphia 76ers
24,2025-01-04,07:00PM,DET:Detroit Pistons,MIN:Minnesota Timberwolves
26,2025-01-04,07:00PM,IND:Indiana Pacers,PHO:Phoenix Suns
27,2025-01-04,08:00PM,CHI:Chicago Bulls,NYK:New York Knicks
28,2025-01-04,08:00PM,MIA:Miami Heat,UTA:Utah Jazz
29,2025-01-04,08:00PM,MIL:Milwaukee Bucks,POR:Portland Trail Blazers
30,2025-01-04,08:00PM,SAS:San Antonio Spurs,DEN:Denver Nuggets
31,2025-01-04,08:30PM,GSW:Golden State Warriors,MEM:Memphis Grizzlies
32,2025-01-04,10:30PM,LAC:Los Angeles Clippers,ATL:Atlanta Hawks
33,2025-01-05,03:30PM,OKC:Oklahoma City Thunder,BOS:Boston Celtics
34,2025-01-05,06:00PM,CLE:Cleveland Cavaliers,CHO:Charlotte Hornets
35,2025-01-05,06:00PM,WAS:Washington Wizards,NOP:New Orleans Pelicans
36,2025-01-05,06:30PM,ORL:Orlando Magic,UTA:Utah Jazz
37,2025-01-05,07:00PM,HOU:Houston Rockets,LAL:Los Angeles Lakers
38,2025-01-05,08:30PM,GSW:Golden State Warriors,SAC:Sacramento Kings
39,2025-01-06,07:00PM,DET:Detroit Pistons,POR:Portland Trail Blazers
40,2025-01-06,07:00PM,PHI:Philadelphia 76ers,PHO:Phoenix Suns
41,2025-01-06,07:30PM,BRK:Brooklyn Nets,IND:Indiana Pacers
42,2025-01-06,07:30PM,NYK:New York Knicks,ORL:Orlando Magic
43,2025-01-06,07:30PM,TOR:Toronto Raptors,MIL:Milwaukee Bucks
44,2025-01-06,08:00PM,CHI:Chicago Bulls,SAS:San Antonio Spurs
45,2025-01-06,08:00PM,MEM:Memphis Grizzlies,DAL:Dallas Mavericks
46,2025-01-06,08:00PM,MIN:Minnesota Timberwolves,LAC:Los Angeles Clippers
47,2025-01-06,10:00PM,SAC:Sacramento Kings,MIA:Miami Heat
48,2025-01-07,07:00PM,CHO:Charlotte Hornets,PHO:Phoenix Suns
49,2025-01-07,07:00PM,WAS:Washington Wizards,HOU:Houston Rockets
50,2025-01-07,07:30PM,DAL:Dallas Mavericks,LAL:Los Angeles Lakers
52,2025-01-07,08:00PM,NOP:New Orleans Pelicans,MIN:Minnesota Timberwolves
53,2025-01-07,09:00PM,UTA:Utah Jazz,ATL:Atlanta Hawks
54,2025-01-07,10:00PM,DEN:Denver Nuggets,BOS:Boston Celtics
55,2025-01-07,10:00PM,GSW:Golden State Warriors,MIA:Miami Heat
56,2025-01-08,07:00PM,CLE:Cleveland Cavaliers,OKC:Oklahoma City Thunder
57,2025-01-08,07:00PM,IND:Indiana Pacers,CHI:Chicago Bulls
58,2025-01-08,07:00PM,PHI:Philadelphia 76ers,WAS:Washington Wizards
59,2025-01-08,07:30PM,BRK:Brooklyn Nets,DET:Detroit Pistons
60,2025-01-08,07:30PM,NYK:New York Knicks,TOR:Toronto Raptors
61,2025-01-08,08:00PM,NOP:New Orleans Pelicans,POR:Portland Trail Blazers
62,2025-01-08,09:00PM,DEN:Denver Nuggets,LAC:Los Angeles Clippers
63,2025-01-08,09:30PM,MIL:Milwaukee Bucks,SAS:San Antonio Spurs
64,2025-01-09,07:00PM,CLE:Cleveland Cavaliers,TOR:Toronto Raptors
65,2025-01-09,07:00PM,DET:Detroit Pistons,GSW:Golden State Warriors
66,2025-01-09,07:00PM,ORL:Orlando Magic,MIN:Minnesota Timberwolves
67,2025-01-09,07:30PM,DAL:Dallas Mavericks,POR:Portland Trail Blazers
68,2025-01-09,08:00PM,MEM:Memphis Grizzlies,HOU:Houston Rockets
69,2025-01-09,09:00PM,PHO:Phoenix Suns,ATL:Atlanta Hawks
70,2025-01-09,09:00PM,UTA:Utah Jazz,MIA:Miami Heat
71,2025-01-10,07:00PM,IND:Indiana Pacers,GSW:Golden State Warriors
72,2025-01-10,07:00PM,ORL:Orlando Magic,MIL:Milwaukee Bucks
73,2025-01-10,07:00PM,PHI:Philadelphia 76ers,NOP:New Orleans Pelicans
74,2025-01-10,07:30PM,BOS:Boston Celtics,SAC:Sacramento Kings
75,2025-01-10,07:30PM,NYK:New York Knicks,OKC:Oklahoma City Thunder
76,2025-01-10,08:00PM,CHI:Chicago Bulls,WAS:Washington Wizards
78,2025-01-10,09:00PM,DEN:Denver Nuggets,BRK:Brooklyn Nets
79,2025-01-11,05:00PM,PHO:Phoenix Suns,UTA:Utah Jazz
80,2025-01-11,07:00PM,DET:Detroit Pistons,TOR:Toronto Raptors
81,2025-01-11,08:00PM,MIN:Minnesota Timberwolves,MEM:Memphis Grizzlies
82,2025-01-11,10:00PM,POR:Portland Trail Blazers,MIA:Miami Heat
83,2025-01-12,03:00PM,DAL:Dallas Mavericks,DEN:Denver Nuggets
84,2025-01-12,03:00PM,NYK:New York Knicks,MIL:Milwaukee Bucks
85,2025-01-12,03:30PM,CHI:Chicago Bulls,SAC:Sacramento Kings
86,2025-01-12,06:00PM,BOS:Boston Celtics,NOP:New Orleans Pelicans
87,2025-01-12,06:00PM,CLE:Cleveland Cavaliers,IND:Indiana Pacers
88,2025-01-12,06:00PM,ORL:Orlando Magic,PHI:Philadelphia 76ers
89,2025-01-12,06:00PM,WAS:Washington Wizards,OKC:Oklahoma City Thunder
90,2025-01-12,08:00PM,UTA:Utah Jazz,BRK:Brooklyn Nets
91,2025-01-12,09:00PM,PHO:Phoenix Suns,CHO:Charlotte Hornets
92,2025-01-13,07:00PM,WAS:Washington Wizards,MIN:Minnesota Timberwolves
93,2025-01-13,07:30PM,NYK:New York Knicks,DET:Detroit Pistons
94,2025-01-13,07:30PM,TOR:Toronto Raptors,GSW:Golden State Warriors
95,2025-01-13,08:00PM,HOU:Houston Rockets,MEM:Memphis Grizzlies
96,2025-01-13,10:30PM,LAC:Los Angeles Clippers,MIA:Miami Heat
97,2025-01-13,10:30PM,LAL:Los Angeles Lakers,SAS:San Antonio Spurs
98,2025-01-14,07:00PM,IND:Indiana Pacers,CLE:Cleveland Cavaliers
99,2025-01-14,07:00PM,PHI:Philadelphia 76ers,OKC:Oklahoma City Thunder
100,2025-01-14,07:30PM,ATL:Atlanta Hawks,PHO:Phoenix Suns
101,2025-01-14,08:00PM,CHI:Chicago Bulls,NOP:New Orleans Pelicans
102,2025-01-14,08:00PM,MIL:Milwaukee Bucks,SAC:Sacramento Kings
104,2025-01-14,09:30PM,DAL:Dallas Mavericks,DEN:Denver Nuggets
105,2025-01-14,10:00PM,POR:Portland Trail Blazers,BRK:Brooklyn Nets
106,2025-01-15,07:00PM,PHI:Philadelphia 76ers,NYK:New York Knicks
107,2025-01-15,07:30PM,TOR:Toronto Raptors,BOS:Boston Celtics
108,2025-01-15,08:00PM,CHI:Chicago Bulls,ATL:Atlanta Hawks
109,2025-01-15,08:00PM,MIL:Milwaukee Bucks,ORL:Orlando Magic
110,2025-01-15,08:00PM,NOP:New Orleans Pelicans,DAL:Dallas Mavericks
111,2025-01-15,08:00PM,SAS:San Antonio Spurs,MEM:Memphis Grizzlies
112,2025-01-15,09:00PM,DEN:Denver Nuggets,HOU:Houston Rockets
113,2025-01-15,09:00PM,UTA:Utah Jazz,CHO:Charlotte Hornets
114,2025-01-15,09:30PM,MIN:Minnesota Timberwolves,GSW:Golden State Warriors
115,2025-01-15,10:00PM,LAL:Los Angeles Lakers,MIA:Miami Heat
116,2025-01-15,10:30PM,LAC:Los Angeles Clippers,BRK:Brooklyn Nets
117,2025-01-16,07:00PM,DET:Detroit Pistons,IND:Indiana Pacers
118,2025-01-16,07:00PM,WAS:Washington Wizards,PHO:Phoenix Suns
119,2025-01-16,07:30PM,OKC:Oklahoma City Thunder,CLE:Cleveland Cavaliers
120,2025-01-16,10:00PM,POR:Portland Trail Blazers,LAC:Los Angeles Clippers
121,2025-01-16,10:00PM,SAC:Sacramento Kings,HOU:Houston Rockets
122,2025-01-17,07:00PM,BOS:Boston Celtics,ORL:Orlando Magic
123,2025-01-17,07:30PM,NYK:New York Knicks,MIN:Minnesota Timberwolves
124,2025-01-17,08:00PM,CHI:Chicago Bulls,CHO:Charlotte Hornets
125,2025-01-17,08:00PM,MIA:Miami Heat,DEN:Denver Nuggets
126,2025-01-17,08:00PM,MIL:Milwaukee Bucks,TOR:Toronto Raptors
127,2025-01-17,08:00PM,NOP:New Orleans Pelicans,UTA:Utah Jazz
128,2025-01-17,08:30PM,DAL:Dallas Mavericks,OKC:Oklahoma City Thunder
130,2025-01-17,09:30PM,SAS:San Antonio Spurs,MEM:Memphis Grizzlies
131,2025-01-17,10:30PM,LAL:Los Angeles Lakers,BRK:Brooklyn Nets
132,2025-01-18,04:00PM,DET:Detroit Pistons,PHO:Phoenix Suns
133,2025-01-18,07:00PM,BOS:Boston Celtics,ATL:Atlanta Hawks
134,2025-01-18,07:00PM,IND:Indiana Pacers,PHI:Philadelphia 76ers
135,2025-01-18,08:30PM,GSW:Golden State Warriors,WAS:Washington Wizards
136,2025-01-18,09:00PM,MIN:Minnesota Timberwolves,CLE:Cleveland Cavaliers
137,2025-01-18,10:00PM,POR:Portland Trail Blazers,HOU:Houston Rockets
138,2025-01-19,03:00PM,MIA:Miami Heat,SAS:San Antonio Spurs
139,2025-01-19,06:00PM,ORL:Orlando Magic,DEN:Denver Nuggets
140,2025-01-19,07:00PM,MIL:Milwaukee Bucks,PHI:Philadelphia 76ers
141,2025-01-19,07:00PM,OKC:Oklahoma City Thunder,BRK:Brooklyn Nets
142,2025-01-19,09:00PM,LAC:Los Angeles Clippers,LAL:Los Angeles Lakers
143,2025-01-19,09:00PM,POR:Portland Trail Blazers,CHI:Chicago Bulls
144,2025-01-19,09:00PM,SAC:Sacramento Kings,WAS:Washington Wizards
146,2025-01-20,02:00PM,HOU:Houston Rockets,DET:Detroit Pistons
147,2025-01-20,02:30PM,MEM:Memphis Grizzlies,MIN:Minnesota Timberwolves
148,2025-01-20,03:00PM,NYK:New York Knicks,ATL:Atlanta Hawks
149,2025-01-20,03:30PM,CLE:Cleveland Cavaliers,PHO:Phoenix Suns
150,2025-01-20,05:00PM,GSW:Golden State Warriors,BOS:Boston Celtics
151,2025-01-20,08:00PM,NOP:New Orleans Pelicans,UTA:Utah Jazz
152,2025-01-20,10:30PM,LAC:Los Angeles Clippers,CHI:Chicago Bulls
145,2025-01-20,12:00PM,CHO:Charlotte Hornets,DAL:Dallas Mavericks
153,2025-01-21,07:30PM,BRK:Brooklyn Nets,NYK:New York Knicks
154,2025-01-21,07:30PM,MIA:Miami Heat,POR:Portland Trail Blazers
156,2025-01-21,07:30PM,TOR:Toronto Raptors,ORL:Orlando Magic
157,2025-01-21,10:00PM,DEN:Denver Nuggets,PHI:Philadelphia 76ers
158,2025-01-21,10:30PM,LAL:Los Angeles Lakers,WAS:Washington Wizards
159,2025-01-22,07:30PM,ATL:Atlanta Hawks,DET:Detroit Pistons
160,2025-01-22,07:30PM,BRK:Brooklyn Nets,PHO:Phoenix Suns
161,2025-01-22,07:30PM,DAL:Dallas Mavericks,MIN:Minnesota Timberwolves
162,2025-01-22,08:00PM,HOU:Houston Rockets,CLE:Cleveland Cavaliers
163,2025-01-22,08:00PM,MEM:Memphis Grizzlies,CHO:Charlotte Hornets
164,2025-01-22,08:00PM,OKC:Oklahoma City Thunder,UTA:Utah Jazz
165,2025-01-22,10:00PM,SAC:Sacramento Kings,GSW:Golden State Warriors
166,2025-01-22,10:30PM,LAC:Los Angeles Clippers,BOS:Boston Celtics
167,2025-01-23,02:00PM,IND:Indiana Pacers,SAS:San Antonio Spurs
168,2025-01-23,07:00PM,ORL:Orlando Magic,POR:Portland Trail Blazers
169,2025-01-23,07:30PM,ATL:Atlanta Hawks,TOR:Toronto Raptors
170,2025-01-23,08:00PM,OKC:Oklahoma City Thunder,DAL:Dallas Mavericks
171,2025-01-23,08:30PM,MIL:Milwaukee Bucks,MIA:Miami Heat
172,2025-01-23,09:00PM,DEN:Denver Nuggets,SAC:Sacramento Kings
173,2025-01-23,10:00PM,GSW:Golden State Warriors,CHI:Chicago Bulls
174,2025-01-23,10:00PM,LAL:Los Angeles Lakers,BOS:Boston Celtics
175,2025-01-23,10:30PM,LAC:Los Angeles Clippers,WAS:Washington Wizards
176,2025-01-24,07:00PM,CHO:Charlotte Hornets,POR:Portland Trail Blazers
177,2025-01-24,07:00PM,PHI:Philadelphia 76ers,CLE:Cleveland Cavaliers
178,2025-01-24,08:00PM,MEM:Memphis Grizzlies,NOP:New Orleans Pelicans
180,2025-01-25,03:00PM,MIN:Minnesota Timberwolves,DEN:Denver Nuggets
182,2025-01-25,05:30PM,DAL:Dallas Mavericks,BOS:Boston Celtics
183,2025-01-25,06:00PM,BRK:Brooklyn Nets,MIA:Miami Heat
184,2025-01-25,07:00PM,CHO:Charlotte Hornets,NOP:New Orleans Pelicans
185,2025-01-25,07:00PM,ORL:Orlando Magic,DET:Detroit Pistons
186,2025-01-25,07:30PM,ATL:Atlanta Hawks,TOR:Toronto Raptors
187,2025-01-25,07:30PM,CLE:Cleveland Cavaliers,HOU:Houston Rockets
188,2025-01-25,07:30PM,NYK:New York Knicks,SAC:Sacramento Kings
189,2025-01-25,08:00PM,CHI:Chicago Bulls,PHI:Philadelphia 76ers
190,2025-01-25,08:00PM,MEM:Memphis Grizzlies,UTA:Utah Jazz
191,2025-01-25,08:30PM,GSW:Golden State Warriors,LAL:Los Angeles Lakers
192,2025-01-25,09:00PM,PHO:Phoenix Suns,WAS:Washington Wizards
193,2025-01-25,10:30PM,LAC:Los Angeles Clippers,MIL:Milwaukee Bucks
179,2025-01-25,12:00PM,SAS:San Antonio Spurs,IND:Indiana Pacers
194,2025-01-26,06:00PM,POR:Portland Trail Blazers,OKC:Oklahoma City Thunder
195,2025-01-27,07:00PM,CHO:Charlotte Hornets,LAL:Los Angeles Lakers
196,2025-01-27,07:00PM,CLE:Cleveland Cavaliers,DET:Detroit Pistons
197,2025-01-27,07:30PM,BOS:Boston Celtics,HOU:Houston Rockets
198,2025-01-27,07:30PM,BRK:Brooklyn Nets,SAC:Sacramento Kings
199,2025-01-27,07:30PM,MIA:Miami Heat,ORL:Orlando Magic
200,2025-01-27,07:30PM,NYK:New York Knicks,MEM:Memphis Grizzlies
201,2025-01-27,07:30PM,TOR:Toronto Raptors,NOP:New Orleans Pelicans
202,2025-01-27,08:00PM,CHI:Chicago Bulls,DEN:Denver Nuggets
203,2025-01-27,08:00PM,MIN:Minnesota Timberwolves,ATL:Atlanta Hawks
204,2025-01-27,08:30PM,DAL:Dallas Mavericks,WAS:Washington Wizards
205,2025-01-27,09:00PM,UTA:Utah Jazz,MIL:Milwaukee Bucks
206,2025-01-27,09:30PM,PHO:Phoenix Suns,LAC:Los Angeles Clippers
208,2025-01-28,07:30PM,ATL:Atlanta Hawks,HOU:Houston Rockets
209,2025-01-28,07:30PM,PHI:Philadelphia 76ers,LAL:Los Angeles Lakers
210,2025-01-28,10:00PM,GSW:Golden State Warriors,UTA:Utah Jazz
211,2025-01-28,10:00PM,POR:Portland Trail Blazers,MIL:Milwaukee Bucks
212,2025-01-29,07:00PM,CHO:Charlotte Hornets,BRK:Brooklyn Nets
213,2025-01-29,07:00PM,IND:Indiana Pacers,DET:Detroit Pistons
214,2025-01-29,07:00PM,WAS:Washington Wizards,TOR:Toronto Raptors
215,2025-01-29,07:30PM,BOS:Boston Celtics,CHI:Chicago Bulls
216,2025-01-29,07:30PM,MIA:Miami Heat,CLE:Cleveland Cavaliers
217,2025-01-29,07:30PM,NYK:New York Knicks,DEN:Denver Nuggets
218,2025-01-29,07:30PM,PHI:Philadelphia 76ers,SAC:Sacramento Kings
219,2025-01-29,08:00PM,NOP:New Orleans Pelicans,DAL:Dallas Mavericks
220,2025-01-29,08:00PM,SAS:San Antonio Spurs,LAC:Los Angeles Clippers
221,2025-01-29,09:00PM,PHO:Phoenix Suns,MIN:Minnesota Timberwolves
222,2025-01-29,10:00PM,GSW:Golden State Warriors,OKC:Oklahoma City Thunder
223,2025-01-30,07:00PM,CLE:Cleveland Cavaliers,ATL:Atlanta Hawks
224,2025-01-30,07:00PM,WAS:Washington Wizards,LAL:Los Angeles Lakers
225,2025-01-30,09:00PM,UTA:Utah Jazz,MIN:Minnesota Timberwolves
226,2025-01-30,09:30PM,MEM:Memphis Grizzlies,HOU:Houston Rockets
227,2025-01-30,10:00PM,POR:Portland Trail Blazers,ORL:Orlando Magic
228,2025-01-31,07:00PM,CHO:Charlotte Hornets,LAC:Los Angeles Clippers
229,2025-01-31,07:00PM,DET:Detroit Pistons,DAL:Dallas Mavericks
230,2025-01-31,07:30PM,PHI:Philadelphia 76ers,DEN:Denver Nuggets
231,2025-01-31,07:30PM,TOR:Toronto Raptors,CHI:Chicago Bulls
232,2025-01-31,08:00PM,NOP:New Orleans Pelicans,BOS:Boston Celtics
233,2025-01-31,08:00PM,SAS:San Antonio Spurs,MIL:Milwaukee Bucks
234,2025-01-31,10:00PM,GSW:Golden State Warriors,PHO:Phoenix Suns
0,2025-02-01,05:00PM,IND:Indiana Pacers,ATL:Atlanta Hawks
1,2025-02-01,05:00PM,UTA:Utah Jazz,ORL:Orlando Magic
2,2025-02-01,07:00PM,CHO:Charlotte Hornets,DEN:Denver Nuggets
3,2025-02-01,08:00PM,HOU:Houston Rockets,BRK:Brooklyn Nets
4,2025-02-01,08:00PM,MIN:Minnesota Timberwolves,WAS:Washington Wizards
5,2025-02-01,08:00PM,OKC:Oklahoma City Thunder,SAC:Sacramento Kings
6,2025-02-01,08:30PM,NYK:New York Knicks,LAL:Los Angeles Lakers
7,2025-02-01,08:30PM,SAS:San Antonio Spurs,MIA:Miami Heat
8,2025-02-01,10:00PM,POR:Portland Trail Blazers,PHO:Phoenix Suns
9,2025-02-02,03:00PM,DET:Detroit Pistons,CHI:Chicago Bulls
10,2025-02-02,03:30PM,CLE:Cleveland Cavaliers,DAL:Dallas Mavericks
11,2025-02-02,03:30PM,TOR:Toronto Raptors,LAC:Los Angeles Clippers
12,2025-02-02,06:00PM,PHI:Philadelphia 76ers,BOS:Boston Celtics
13,2025-02-02,08:30PM,MIL:Milwaukee Bucks,MEM:Memphis Grizzlies
14,2025-02-03,07:00PM,CHO:Charlotte Hornets,WAS:Washington Wizards
15,2025-02-03,07:00PM,DET:Detroit Pistons,ATL:Atlanta Hawks
16,2025-02-03,07:30PM,NYK:New York Knicks,HOU:Houston Rockets
17,2025-02-03,08:00PM,MEM:Memphis Grizzlies,SAS:San Antonio Spurs
18,2025-02-03,08:00PM,MIN:Minnesota Timberwolves,SAC:Sacramento Kings
19,2025-02-03,08:00PM,OKC:Oklahoma City Thunder,MIL:Milwaukee Bucks
20,2025-02-03,09:00PM,DEN:Denver Nuggets,NOP:New Orleans Pelicans
21,2025-02-03,09:00PM,UTA:Utah Jazz,IND:Indiana Pacers
22,2025-02-03,10:00PM,GSW:Golden State Warriors,ORL:Orlando Magic
23,2025-02-03,10:00PM,POR:Portland Trail Blazers,PHO:Phoenix Suns
24,2025-02-04,07:00PM,PHI:Philadelphia 76ers,DAL:Dallas Mavericks
26,2025-02-04,07:30PM,BRK:Brooklyn Nets,HOU:Houston Rockets
27,2025-02-04,07:30PM,CLE:Cleveland Cavaliers,BOS:Boston Celtics
28,2025-02-04,07:30PM,TOR:Toronto Raptors,NYK:New York Knicks
29,2025-02-04,08:00PM,CHI:Chicago Bulls,MIA:Miami Heat
30,2025-02-04,10:00PM,LAC:Los Angeles Clippers,LAL:Los Angeles Lakers
31,2025-02-04,10:00PM,POR:Portland Trail Blazers,IND:Indiana Pacers
32,2025-02-05,07:00PM,ATL:Atlanta Hawks,SAS:San Antonio Spurs
33,2025-02-05,07:00PM,CHO:Charlotte Hornets,MIL:Milwaukee Bucks
34,2025-02-05,07:00PM,DET:Detroit Pistons,CLE:Cleveland Cavaliers
35,2025-02-05,07:30PM,BRK:Brooklyn Nets,WAS:Washington Wizards
36,2025-02-05,07:30PM,PHI:Philadelphia 76ers,MIA:Miami Heat
37,2025-02-05,07:30PM,TOR:Toronto Raptors,MEM:Memphis Grizzlies
38,2025-02-05,08:00PM,MIN:Minnesota Timberwolves,CHI:Chicago Bulls
39,2025-02-05,09:00PM,DEN:Denver Nuggets,NOP:New Orleans Pelicans
40,2025-02-05,09:00PM,UTA:Utah Jazz,GSW:Golden State Warriors
41,2025-02-05,09:30PM,OKC:Oklahoma City Thunder,PHO:Phoenix Suns
42,2025-02-05,10:00PM,SAC:Sacramento Kings,ORL:Orlando Magic
43,2025-02-06,07:30PM,BOS:Boston Celtics,DAL:Dallas Mavericks
44,2025-02-06,08:00PM,MIN:Minnesota Timberwolves,HOU:Houston Rockets
45,2025-02-06,09:00PM,DEN:Denver Nuggets,ORL:Orlando Magic
46,2025-02-06,10:00PM,LAL:Los Angeles Lakers,GSW:Golden State Warriors
47,2025-02-06,10:00PM,POR:Portland Trail Blazers,SAC:Sacramento Kings
48,2025-02-06,10:30PM,LAC:Los Angeles Clippers,IND:Indiana Pacers
49,2025-02-07,07:00PM,CHO:Charlotte Hornets,SAS:San Antonio Spurs
50,2025-02-07,07:00PM,WAS:Washington Wizards,CLE:Cleveland Cavaliers
52,2025-02-07,07:30PM,ATL:Atlanta Hawks,MIL:Milwaukee Bucks
53,2025-02-07,07:30PM,BRK:Brooklyn Nets,MIA:Miami Heat
54,2025-02-07,07:30PM,DET:Detroit Pistons,PHI:Philadelphia 76ers
55,2025-02-07,08:00PM,OKC:Oklahoma City Thunder,TOR:Toronto Raptors
56,2025-02-07,10:00PM,PHO:Phoenix Suns,UTA:Utah Jazz
57,2025-02-08,03:00PM,DAL:Dallas Mavericks,HOU:Houston Rockets
58,2025-02-08,04:00PM,LAL:Los Angeles Lakers,IND:Indiana Pacers
59,2025-02-08,07:00PM,ORL:Orlando Magic,SAS:San Antonio Spurs
60,2025-02-08,07:00PM,WAS:Washington Wizards,ATL:Atlanta Hawks
61,2025-02-08,08:00PM,CHI:Chicago Bulls,GSW:Golden State Warriors
62,2025-02-08,08:00PM,MEM:Memphis Grizzlies,OKC:Oklahoma City Thunder
63,2025-02-08,08:00PM,MIN:Minnesota Timberwolves,POR:Portland Trail Blazers
64,2025-02-08,08:30PM,NYK:New York Knicks,BOS:Boston Celtics
65,2025-02-08,09:00PM,PHO:Phoenix Suns,DEN:Denver Nuggets
66,2025-02-08,10:00PM,SAC:Sacramento Kings,NOP:New Orleans Pelicans
67,2025-02-08,10:30PM,LAC:Los Angeles Clippers,UTA:Utah Jazz
68,2025-02-09,01:00PM,DET:Detroit Pistons,CHO:Charlotte Hornets
69,2025-02-09,02:00PM,HOU:Houston Rockets,TOR:Toronto Raptors
70,2025-02-09,02:00PM,MIL:Milwaukee Bucks,PHI:Philadelphia 76ers
71,2025-02-10,07:00PM,CLE:Cleveland Cavaliers,MIN:Minnesota Timberwolves
72,2025-02-10,07:00PM,ORL:Orlando Magic,ATL:Atlanta Hawks
73,2025-02-10,07:00PM,WAS:Washington Wizards,SAS:San Antonio Spurs
74,2025-02-10,07:30PM,BRK:Brooklyn Nets,CHO:Charlotte Hornets
75,2025-02-10,07:30PM,MIA:Miami Heat,BOS:Boston Celtics
76,2025-02-10,08:00PM,MIL:Milwaukee Bucks,GSW:Golden State Warriors
78,2025-02-10,08:00PM,OKC:Oklahoma City Thunder,NOP:New Orleans Pelicans
79,2025-02-10,08:30PM,DAL:Dallas Mavericks,SAC:Sacramento Kings
80,2025-02-10,09:00PM,DEN:Denver Nuggets,POR:Portland Trail Blazers
81,2025-02-10,10:30PM,LAL:Los Angeles Lakers,UTA:Utah Jazz
82,2025-02-11,07:00PM,PHI:Philadelphia 76ers,TOR:Toronto Raptors
83,2025-02-11,07:30PM,IND:Indiana Pacers,NYK:New York Knicks
84,2025-02-11,08:00PM,CHI:Chicago Bulls,DET:Detroit Pistons
85,2025-02-11,10:00PM,PHO:Phoenix Suns,MEM:Memphis Grizzlies
86,2025-02-12,07:00PM,BOS:Boston Celtics,SAS:San Antonio Spurs
87,2025-02-12,07:00PM,ORL:Orlando Magic,CHO:Charlotte Hornets
88,2025-02-12,07:00PM,WAS:Washington Wizards,IND:Indiana Pacers
89,2025-02-12,07:30PM,BRK:Brooklyn Nets,PHI:Philadelphia 76ers
90,2025-02-12,07:30PM,NYK:New York Knicks,ATL:Atlanta Hawks
91,2025-02-12,07:30PM,TOR:Toronto Raptors,CLE:Cleveland Cavaliers
92,2025-02-12,08:00PM,CHI:Chicago Bulls,DET:Detroit Pistons
93,2025-02-12,08:00PM,MIN:Minnesota Timberwolves,MIL:Milwaukee Bucks
94,2025-02-12,08:00PM,NOP:New Orleans Pelicans,SAC:Sacramento Kings
95,2025-02-12,08:00PM,OKC:Oklahoma City Thunder,MIA:Miami Heat
96,2025-02-12,08:30PM,HOU:Houston Rockets,PHO:Phoenix Suns
97,2025-02-12,09:00PM,DEN:Denver Nuggets,POR:Portland Trail Blazers
98,2025-02-12,09:00PM,UTA:Utah Jazz,LAL:Los Angeles Lakers
99,2025-02-12,09:30PM,DAL:Dallas Mavericks,GSW:Golden State Warriors
100,2025-02-12,10:30PM,LAC:Los Angeles Clippers,MEM:Memphis Grizzlies
101,2025-02-13,08:00PM,HOU:Houston Rockets,GSW:Golden State Warriors
102,2025-02-13,08:00PM,NOP:New Orleans Pelicans,SAC:Sacramento Kings
104,2025-02-13,08:30PM,DAL:Dallas Mavericks,MIA:Miami Heat
105,2025-02-13,08:30PM,MIN:Minnesota Timberwolves,OKC:Oklahoma City Thunder
106,2025-02-13,09:00PM,UTA:Utah Jazz,LAC:Los Angeles Clippers
107,2025-02-19,10:00PM,LAL:Los Angeles Lakers,CHO:Charlotte Hornets
108,2025-02-20,07:00PM,IND:Indiana Pacers,MEM:Memphis Grizzlies
109,2025-02-20,07:00PM,PHI:Philadelphia 76ers,BOS:Boston Celtics
110,2025-02-20,07:30PM,ATL:Atlanta Hawks,ORL:Orlando Magic
111,2025-02-20,07:30PM,BRK:Brooklyn Nets,CLE:Cleveland Cavaliers
112,2025-02-20,07:30PM,NYK:New York Knicks,CHI:Chicago Bulls
113,2025-02-20,08:00PM,MIL:Milwaukee Bucks,LAC:Los Angeles Clippers
114,2025-02-20,09:00PM,DEN:Denver Nuggets,CHO:Charlotte Hornets
115,2025-02-20,09:30PM,SAS:San Antonio Spurs,PHO:Phoenix Suns
116,2025-02-20,10:00PM,POR:Portland Trail Blazers,LAL:Los Angeles Lakers
117,2025-02-21,07:00PM,CLE:Cleveland Cavaliers,NYK:New York Knicks
118,2025-02-21,07:00PM,ORL:Orlando Magic,MEM:Memphis Grizzlies
119,2025-02-21,07:00PM,WAS:Washington Wizards,MIL:Milwaukee Bucks
120,2025-02-21,07:30PM,TOR:Toronto Raptors,MIA:Miami Heat
121,2025-02-21,08:00PM,HOU:Houston Rockets,MIN:Minnesota Timberwolves
122,2025-02-21,08:30PM,SAS:San Antonio Spurs,DET:Detroit Pistons
123,2025-02-21,09:30PM,DAL:Dallas Mavericks,NOP:New Orleans Pelicans
124,2025-02-21,09:30PM,UTA:Utah Jazz,OKC:Oklahoma City Thunder
125,2025-02-21,10:00PM,SAC:Sacramento Kings,GSW:Golden State Warriors
126,2025-02-22,05:00PM,CHI:Chicago Bulls,PHO:Phoenix Suns
127,2025-02-22,07:30PM,PHI:Philadelphia 76ers,BRK:Brooklyn Nets
128,2025-02-22,08:30PM,DEN:Denver Nuggets,LAL:Los Angeles Lakers
130,2025-02-22,09:30PM,UTA:Utah Jazz,HOU:Houston Rockets
131,2025-02-22,10:00PM,POR:Portland Trail Blazers,CHO:Charlotte Hornets
132,2025-02-23,01:00PM,BOS:Boston Celtics,NYK:New York Knicks
133,2025-02-23,03:30PM,GSW:Golden State Warriors,DAL:Dallas Mavericks
134,2025-02-23,05:00PM,IND:Indiana Pacers,LAC:Los Angeles Clippers
135,2025-02-23,06:00PM,ATL:Atlanta Hawks,DET:Detroit Pistons
136,2025-02-23,06:00PM,ORL:Orlando Magic,WAS:Washington Wizards
137,2025-02-23,06:00PM,TOR:Toronto Raptors,PHO:Phoenix Suns
138,2025-02-23,07:00PM,MIL:Milwaukee Bucks,MIA:Miami Heat
139,2025-02-23,07:00PM,NOP:New Orleans Pelicans,SAS:San Antonio Spurs
140,2025-02-23,07:30PM,CLE:Cleveland Cavaliers,MEM:Memphis Grizzlies
141,2025-02-23,09:30PM,MIN:Minnesota Timberwolves,OKC:Oklahoma City Thunder
142,2025-02-24,07:00PM,DET:Detroit Pistons,LAC:Los Angeles Clippers
143,2025-02-24,07:00PM,IND:Indiana Pacers,DEN:Denver Nuggets
144,2025-02-24,07:00PM,PHI:Philadelphia 76ers,CHI:Chicago Bulls
145,2025-02-24,07:00PM,WAS:Washington Wizards,BRK:Brooklyn Nets
146,2025-02-24,07:30PM,ATL:Atlanta Hawks,MIA:Miami Heat
147,2025-02-24,08:00PM,OKC:Oklahoma City Thunder,MIN:Minnesota Timberwolves
148,2025-02-24,09:00PM,UTA:Utah Jazz,POR:Portland Trail Blazers
149,2025-02-24,10:00PM,SAC:Sacramento Kings,CHO:Charlotte Hornets
150,2025-02-25,07:00PM,TOR:Toronto Raptors,BOS:Boston Celtics
151,2025-02-25,07:30PM,ORL:Orlando Magic,CLE:Cleveland Cavaliers
152,2025-02-25,08:00PM,HOU:Houston Rockets,MIL:Milwaukee Bucks
153,2025-02-25,08:00PM,MEM:Memphis Grizzlies,PHO:Phoenix Suns
154,2025-02-25,08:00PM,NOP:New Orleans Pelicans,SAS:San Antonio Spurs
156,2025-02-25,10:00PM,GSW:Golden State Warriors,CHO:Charlotte Hornets
157,2025-02-25,10:00PM,LAL:Los Angeles Lakers,DAL:Dallas Mavericks
158,2025-02-26,07:00PM,DET:Detroit Pistons,BOS:Boston Celtics
159,2025-02-26,07:00PM,IND:Indiana Pacers,TOR:Toronto Raptors
160,2025-02-26,07:00PM,NYK:New York Knicks,PHI:Philadelphia 76ers
161,2025-02-26,07:00PM,WAS:Washington Wizards,POR:Portland Trail Blazers
162,2025-02-26,07:30PM,BRK:Brooklyn Nets,OKC:Oklahoma City Thunder
163,2025-02-26,07:30PM,MIA:Miami Heat,ATL:Atlanta Hawks
164,2025-02-26,08:00PM,CHI:Chicago Bulls,LAC:Los Angeles Clippers
165,2025-02-26,09:00PM,UTA:Utah Jazz,SAC:Sacramento Kings
166,2025-02-26,09:30PM,HOU:Houston Rockets,SAS:San Antonio Spurs
167,2025-02-27,07:00PM,ORL:Orlando Magic,GSW:Golden State Warriors
168,2025-02-27,07:30PM,MIL:Milwaukee Bucks,DEN:Denver Nuggets
169,2025-02-27,08:30PM,DAL:Dallas Mavericks,CHO:Charlotte Hornets
170,2025-02-27,10:00PM,PHO:Phoenix Suns,NOP:New Orleans Pelicans
171,2025-02-27,10:30PM,LAL:Los Angeles Lakers,MIN:Minnesota Timberwolves
172,2025-02-28,07:00PM,DET:Detroit Pistons,DEN:Denver Nuggets
173,2025-02-28,07:30PM,ATL:Atlanta Hawks,OKC:Oklahoma City Thunder
174,2025-02-28,07:30PM,BOS:Boston Celtics,CLE:Cleveland Cavaliers
175,2025-02-28,07:30PM,BRK:Brooklyn Nets,POR:Portland Trail Blazers
176,2025-02-28,08:00PM,CHI:Chicago Bulls,TOR:Toronto Raptors
177,2025-02-28,08:00PM,MEM:Memphis Grizzlies,NYK:New York Knicks
178,2025-02-28,08:00PM,MIA:Miami Heat,IND:Indiana Pacers
179,2025-02-28,09:00PM,PHO:Phoenix Suns,NOP:New Orleans Pelicans
180,2025-02-28,09:30PM,UTA:Utah Jazz,MIN:Minnesota Timberwolves
181,2025-02-28,10:00PM,LAL:Los Angeles Lakers,LAC:Los Angeles Clippers
0,2025-03-01,06:00PM,CHO:Charlotte Hornets,WAS:Washington Wizards
1,2025-03-01,07:00PM,DET:Detroit Pistons,BRK:Brooklyn Nets
2,2025-03-01,08:00PM,HOU:Houston Rockets,SAC:Sacramento Kings
3,2025-03-01,08:00PM,MEM:Memphis Grizzlies,SAS:San Antonio Spurs
4,2025-03-01,08:30PM,DAL:Dallas Mavericks,MIL:Milwaukee Bucks
5,2025-03-01,08:30PM,PHI:Philadelphia 76ers,GSW:Golden State Warriors
6,2025-03-02,01:00PM,BOS:Boston Celtics,DEN:Denver Nuggets
7,2025-03-02,03:30PM,CLE:Cleveland Cavaliers,POR:Portland Trail Blazers
8,2025-03-02,05:00PM,IND:Indiana Pacers,CHI:Chicago Bulls
9,2025-03-02,06:00PM,MIA:Miami Heat,NYK:New York Knicks
10,2025-03-02,06:00PM,ORL:Orlando Magic,TOR:Toronto Raptors
11,2025-03-02,07:00PM,SAS:San Antonio Spurs,OKC:Oklahoma City Thunder
12,2025-03-02,08:00PM,UTA:Utah Jazz,NOP:New Orleans Pelicans
13,2025-03-02,09:30PM,LAL:Los Angeles Lakers,LAC:Los Angeles Clippers
14,2025-03-02,09:30PM,PHO:Phoenix Suns,MIN:Minnesota Timberwolves
15,2025-03-03,07:00PM,CHO:Charlotte Hornets,GSW:Golden State Warriors
16,2025-03-03,07:00PM,PHI:Philadelphia 76ers,POR:Portland Trail Blazers
17,2025-03-03,07:30PM,MIA:Miami Heat,WAS:Washington Wizards
18,2025-03-03,08:00PM,MEM:Memphis Grizzlies,ATL:Atlanta Hawks
19,2025-03-03,08:00PM,OKC:Oklahoma City Thunder,HOU:Houston Rockets
20,2025-03-03,08:30PM,DAL:Dallas Mavericks,SAC:Sacramento Kings
21,2025-03-03,09:00PM,UTA:Utah Jazz,DET:Detroit Pistons
22,2025-03-04,07:00PM,IND:Indiana Pacers,HOU:Houston Rockets
23,2025-03-04,07:00PM,ORL:Orlando Magic,TOR:Toronto Raptors
24,2025-03-04,07:30PM,ATL:Atlanta Hawks,MIL:Milwaukee Bucks
26,2025-03-04,07:30PM,NYK:New York Knicks,GSW:Golden State Warriors
27,2025-03-04,08:00PM,CHI:Chicago Bulls,CLE:Cleveland Cavaliers
28,2025-03-04,08:00PM,MIN:Minnesota Timberwolves,PHI:Philadelphia 76ers
29,2025-03-04,08:30PM,SAS:San Antonio Spurs,BRK:Brooklyn Nets
30,2025-03-04,10:00PM,PHO:Phoenix Suns,LAC:Los Angeles Clippers
31,2025-03-04,10:30PM,LAL:Los Angeles Lakers,NOP:New Orleans Pelicans
32,2025-03-05,07:00PM,BOS:Boston Celtics,POR:Portland Trail Blazers
33,2025-03-05,07:00PM,CHO:Charlotte Hornets,MIN:Minnesota Timberwolves
34,2025-03-05,07:00PM,CLE:Cleveland Cavaliers,MIA:Miami Heat
35,2025-03-05,07:00PM,WAS:Washington Wizards,UTA:Utah Jazz
36,2025-03-05,08:00PM,MEM:Memphis Grizzlies,OKC:Oklahoma City Thunder
37,2025-03-05,09:00PM,DEN:Denver Nuggets,SAC:Sacramento Kings
38,2025-03-05,09:30PM,MIL:Milwaukee Bucks,DAL:Dallas Mavericks
39,2025-03-05,10:30PM,LAC:Los Angeles Clippers,DET:Detroit Pistons
40,2025-03-06,07:00PM,ORL:Orlando Magic,CHI:Chicago Bulls
41,2025-03-06,07:30PM,ATL:Atlanta Hawks,IND:Indiana Pacers
42,2025-03-06,07:30PM,BOS:Boston Celtics,PHI:Philadelphia 76ers
43,2025-03-06,07:30PM,BRK:Brooklyn Nets,GSW:Golden State Warriors
44,2025-03-06,08:00PM,NOP:New Orleans Pelicans,HOU:Houston Rockets
45,2025-03-06,10:00PM,LAL:Los Angeles Lakers,NYK:New York Knicks
46,2025-03-07,07:00PM,CHO:Charlotte Hornets,CLE:Cleveland Cavaliers
47,2025-03-07,07:30PM,DAL:Dallas Mavericks,MEM:Memphis Grizzlies
48,2025-03-07,07:30PM,TOR:Toronto Raptors,UTA:Utah Jazz
49,2025-03-07,08:00PM,MIA:Miami Heat,MIN:Minnesota Timberwolves
50,2025-03-07,08:00PM,OKC:Oklahoma City Thunder,POR:Portland Trail Blazers
52,2025-03-07,10:00PM,DEN:Denver Nuggets,PHO:Phoenix Suns
53,2025-03-07,10:00PM,SAC:Sacramento Kings,SAS:San Antonio Spurs
54,2025-03-07,10:30PM,LAC:Los Angeles Clippers,NYK:New York Knicks
55,2025-03-08,06:00PM,CHO:Charlotte Hornets,BRK:Brooklyn Nets
56,2025-03-08,07:00PM,HOU:Houston Rockets,NOP:New Orleans Pelicans
57,2025-03-08,07:30PM,ATL:Atlanta Hawks,IND:Indiana Pacers
58,2025-03-08,07:30PM,TOR:Toronto Raptors,WAS:Washington Wizards
59,2025-03-08,08:00PM,MIA:Miami Heat,CHI:Chicago Bulls
60,2025-03-08,08:00PM,MIL:Milwaukee Bucks,ORL:Orlando Magic
61,2025-03-08,08:30PM,BOS:Boston Celtics,LAL:Los Angeles Lakers
62,2025-03-08,08:30PM,GSW:Golden State Warriors,DET:Detroit Pistons
63,2025-03-09,01:00PM,OKC:Oklahoma City Thunder,DEN:Denver Nuggets
64,2025-03-09,03:30PM,DAL:Dallas Mavericks,PHO:Phoenix Suns
65,2025-03-09,07:00PM,NOP:New Orleans Pelicans,MEM:Memphis Grizzlies
66,2025-03-09,07:30PM,PHI:Philadelphia 76ers,UTA:Utah Jazz
67,2025-03-09,08:00PM,MIL:Milwaukee Bucks,CLE:Cleveland Cavaliers
68,2025-03-09,08:00PM,MIN:Minnesota Timberwolves,SAS:San Antonio Spurs
69,2025-03-09,09:00PM,POR:Portland Trail Blazers,DET:Detroit Pistons
70,2025-03-09,09:30PM,LAC:Los Angeles Clippers,SAC:Sacramento Kings
71,2025-03-10,07:30PM,ATL:Atlanta Hawks,PHI:Philadelphia 76ers
72,2025-03-10,07:30PM,BOS:Boston Celtics,UTA:Utah Jazz
73,2025-03-10,07:30PM,BRK:Brooklyn Nets,LAL:Los Angeles Lakers
74,2025-03-10,07:30PM,MIA:Miami Heat,CHO:Charlotte Hornets
75,2025-03-10,07:30PM,TOR:Toronto Raptors,WAS:Washington Wizards
76,2025-03-10,08:00PM,CHI:Chicago Bulls,IND:Indiana Pacers
78,2025-03-10,08:00PM,HOU:Houston Rockets,ORL:Orlando Magic
79,2025-03-10,08:00PM,MEM:Memphis Grizzlies,PHO:Phoenix Suns
80,2025-03-10,08:00PM,OKC:Oklahoma City Thunder,DEN:Denver Nuggets
81,2025-03-10,08:30PM,SAS:San Antonio Spurs,DAL:Dallas Mavericks
82,2025-03-10,10:00PM,GSW:Golden State Warriors,POR:Portland Trail Blazers
83,2025-03-10,10:30PM,SAC:Sacramento Kings,NYK:New York Knicks
84,2025-03-11,07:00PM,CLE:Cleveland Cavaliers,BRK:Brooklyn Nets
85,2025-03-11,07:00PM,DET:Detroit Pistons,WAS:Washington Wizards
86,2025-03-11,07:00PM,IND:Indiana Pacers,MIL:Milwaukee Bucks
87,2025-03-11,09:30PM,NOP:New Orleans Pelicans,LAC:Los Angeles Clippers
88,2025-03-12,07:30PM,ATL:Atlanta Hawks,CHO:Charlotte Hornets
89,2025-03-12,07:30PM,BOS:Boston Celtics,OKC:Oklahoma City Thunder
90,2025-03-12,07:30PM,TOR:Toronto Raptors,PHI:Philadelphia 76ers
91,2025-03-12,08:00PM,HOU:Houston Rockets,PHO:Phoenix Suns
92,2025-03-12,08:00PM,MEM:Memphis Grizzlies,UTA:Utah Jazz
93,2025-03-12,08:00PM,MIA:Miami Heat,LAC:Los Angeles Clippers
94,2025-03-12,08:00PM,SAS:San Antonio Spurs,DAL:Dallas Mavericks
95,2025-03-12,10:00PM,DEN:Denver Nuggets,MIN:Minnesota Timberwolves
96,2025-03-12,10:00PM,POR:Portland Trail Blazers,NYK:New York Knicks
97,2025-03-13,07:00PM,DET:Detroit Pistons,WAS:Washington Wizards
98,2025-03-13,07:30PM,MIL:Milwaukee Bucks,LAL:Los Angeles Lakers
99,2025-03-13,08:00PM,CHI:Chicago Bulls,BRK:Brooklyn Nets
100,2025-03-13,08:00PM,NOP:New Orleans Pelicans,ORL:Orlando Magic
101,2025-03-13,10:00PM,GSW:Golden State Warriors,SAC:Sacramento Kings
102,2025-03-14,07:00PM,MIA:Miami Heat,BOS:Boston Celtics
104,2025-03-14,07:00PM,PHI:Philadelphia 76ers,IND:Indiana Pacers
105,2025-03-14,07:30PM,ATL:Atlanta Hawks,LAC:Los Angeles Clippers
106,2025-03-14,08:00PM,HOU:Houston Rockets,DAL:Dallas Mavericks
107,2025-03-14,08:00PM,MEM:Memphis Grizzlies,CLE:Cleveland Cavaliers
108,2025-03-14,08:00PM,MIN:Minnesota Timberwolves,ORL:Orlando Magic
109,2025-03-14,08:00PM,SAS:San Antonio Spurs,CHO:Charlotte Hornets
110,2025-03-14,09:30PM,DEN:Denver Nuggets,LAL:Los Angeles Lakers
111,2025-03-14,09:30PM,UTA:Utah Jazz,TOR:Toronto Raptors
112,2025-03-14,10:00PM,PHO:Phoenix Suns,SAC:Sacramento Kings
113,2025-03-15,06:00PM,BRK:Brooklyn Nets,BOS:Boston Celtics
114,2025-03-15,07:00PM,DET:Detroit Pistons,OKC:Oklahoma City Thunder
115,2025-03-15,08:00PM,HOU:Houston Rockets,CHI:Chicago Bulls
116,2025-03-15,08:00PM,MEM:Memphis Grizzlies,MIA:Miami Heat
117,2025-03-15,08:00PM,MIL:Milwaukee Bucks,IND:Indiana Pacers
118,2025-03-15,08:30PM,GSW:Golden State Warriors,NYK:New York Knicks
119,2025-03-15,08:30PM,SAS:San Antonio Spurs,NOP:New Orleans Pelicans
120,2025-03-15,09:00PM,DEN:Denver Nuggets,WAS:Washington Wizards
121,2025-03-16,01:00PM,DAL:Dallas Mavericks,PHI:Philadelphia 76ers
122,2025-03-16,03:30PM,LAL:Los Angeles Lakers,PHO:Phoenix Suns
123,2025-03-16,06:00PM,BRK:Brooklyn Nets,ATL:Atlanta Hawks
124,2025-03-16,06:00PM,CLE:Cleveland Cavaliers,ORL:Orlando Magic
125,2025-03-16,06:00PM,POR:Portland Trail Blazers,TOR:Toronto Raptors
126,2025-03-16,07:00PM,LAC:Los Angeles Clippers,CHO:Charlotte Hornets
127,2025-03-16,07:00PM,MIN:Minnesota Timberwolves,UTA:Utah Jazz
128,2025-03-16,09:00PM,MIL:Milwaukee Bucks,OKC:Oklahoma City Thunder
130,2025-03-17,07:30PM,NYK:New York Knicks,MIA:Miami Heat
131,2025-03-17,08:00PM,HOU:Houston Rockets,PHI:Philadelphia 76ers
132,2025-03-17,08:00PM,MIN:Minnesota Timberwolves,IND:Indiana Pacers
133,2025-03-17,08:00PM,NOP:New Orleans Pelicans,DET:Detroit Pistons
134,2025-03-17,09:00PM,UTA:Utah Jazz,CHI:Chicago Bulls
135,2025-03-17,10:00PM,GSW:Golden State Warriors,DEN:Denver Nuggets
136,2025-03-17,10:00PM,PHO:Phoenix Suns,TOR:Toronto Raptors
137,2025-03-17,10:00PM,POR:Portland Trail Blazers,WAS:Washington Wizards
138,2025-03-17,10:00PM,SAC:Sacramento Kings,MEM:Memphis Grizzlies
139,2025-03-17,10:30PM,LAL:Los Angeles Lakers,SAS:San Antonio Spurs
140,2025-03-18,07:00PM,CHO:Charlotte Hornets,ATL:Atlanta Hawks
141,2025-03-18,07:30PM,BOS:Boston Celtics,BRK:Brooklyn Nets
142,2025-03-18,10:00PM,GSW:Golden State Warriors,MIL:Milwaukee Bucks
143,2025-03-18,10:30PM,LAC:Los Angeles Clippers,CLE:Cleveland Cavaliers
144,2025-03-19,07:00PM,IND:Indiana Pacers,DAL:Dallas Mavericks
145,2025-03-19,07:00PM,ORL:Orlando Magic,HOU:Houston Rockets
146,2025-03-19,07:30PM,MIA:Miami Heat,DET:Detroit Pistons
147,2025-03-19,07:30PM,MIN:Minnesota Timberwolves,NOP:New Orleans Pelicans
148,2025-03-19,08:00PM,OKC:Oklahoma City Thunder,PHI:Philadelphia 76ers
149,2025-03-19,08:00PM,SAS:San Antonio Spurs,NYK:New York Knicks
150,2025-03-19,09:00PM,UTA:Utah Jazz,WAS:Washington Wizards
151,2025-03-19,10:00PM,LAL:Los Angeles Lakers,DEN:Denver Nuggets
152,2025-03-19,10:00PM,PHO:Phoenix Suns,CHI:Chicago Bulls
153,2025-03-19,10:00PM,POR:Portland Trail Blazers,MEM:Memphis Grizzlies
154,2025-03-19,10:00PM,SAC:Sacramento Kings,CLE:Cleveland Cavaliers
156,2025-03-20,07:00PM,CHO:Charlotte Hornets,NYK:New York Knicks
157,2025-03-20,07:00PM,IND:Indiana Pacers,BRK:Brooklyn Nets
158,2025-03-20,10:00PM,GSW:Golden State Warriors,TOR:Toronto Raptors
159,2025-03-20,10:00PM,SAC:Sacramento Kings,CHI:Chicago Bulls
160,2025-03-20,10:30PM,LAL:Los Angeles Lakers,MIL:Milwaukee Bucks
161,2025-03-21,07:00PM,WAS:Washington Wizards,ORL:Orlando Magic
162,2025-03-21,08:00PM,MIA:Miami Heat,HOU:Houston Rockets
163,2025-03-21,08:00PM,MIN:Minnesota Timberwolves,NOP:New Orleans Pelicans
164,2025-03-21,08:00PM,OKC:Oklahoma City Thunder,CHO:Charlotte Hornets
165,2025-03-21,08:00PM,SAS:San Antonio Spurs,PHI:Philadelphia 76ers
166,2025-03-21,08:30PM,DAL:Dallas Mavericks,DET:Detroit Pistons
167,2025-03-21,09:30PM,UTA:Utah Jazz,BOS:Boston Celtics
168,2025-03-21,10:00PM,PHO:Phoenix Suns,CLE:Cleveland Cavaliers
169,2025-03-21,10:00PM,POR:Portland Trail Blazers,DEN:Denver Nuggets
170,2025-03-21,10:30PM,LAC:Los Angeles Clippers,MEM:Memphis Grizzlies
171,2025-03-22,05:00PM,IND:Indiana Pacers,BRK:Brooklyn Nets
172,2025-03-22,07:00PM,ATL:Atlanta Hawks,GSW:Golden State Warriors
173,2025-03-22,08:00PM,NYK:New York Knicks,WAS:Washington Wizards
174,2025-03-22,10:00PM,SAC:Sacramento Kings,MIL:Milwaukee Bucks
175,2025-03-22,10:30PM,LAL:Los Angeles Lakers,CHI:Chicago Bulls
176,2025-03-23,03:00PM,DET:Detroit Pistons,NOP:New Orleans Pelicans
177,2025-03-23,03:30PM,UTA:Utah Jazz,CLE:Cleveland Cavaliers
178,2025-03-23,06:00PM,ATL:Atlanta Hawks,PHI:Philadelphia 76ers
179,2025-03-23,06:00PM,MIA:Miami Heat,CHO:Charlotte Hornets
180,2025-03-23,06:00PM,POR:Portland Trail Blazers,BOS:Boston Celtics
182,2025-03-23,06:00PM,TOR:Toronto Raptors,SAS:San Antonio Spurs
183,2025-03-23,07:00PM,HOU:Houston Rockets,DEN:Denver Nuggets
184,2025-03-23,09:00PM,LAC:Los Angeles Clippers,OKC:Oklahoma City Thunder
185,2025-03-24,07:00PM,IND:Indiana Pacers,MIN:Minnesota Timberwolves
186,2025-03-24,07:00PM,ORL:Orlando Magic,LAL:Los Angeles Lakers
187,2025-03-24,07:00PM,WAS:Washington Wizards,TOR:Toronto Raptors
188,2025-03-24,07:30PM,BRK:Brooklyn Nets,DAL:Dallas Mavericks
189,2025-03-24,08:00PM,NOP:New Orleans Pelicans,PHI:Philadelphia 76ers
190,2025-03-24,09:00PM,DEN:Denver Nuggets,CHI:Chicago Bulls
191,2025-03-24,10:00PM,PHO:Phoenix Suns,MIL:Milwaukee Bucks
192,2025-03-24,10:00PM,SAC:Sacramento Kings,BOS:Boston Celtics
193,2025-03-25,07:00PM,CHO:Charlotte Hornets,ORL:Orlando Magic
194,2025-03-25,07:00PM,DET:Detroit Pistons,SAS:San Antonio Spurs
195,2025-03-25,07:30PM,MIA:Miami Heat,GSW:Golden State Warriors
196,2025-03-25,07:30PM,NYK:New York Knicks,DAL:Dallas Mavericks
197,2025-03-25,08:00PM,HOU:Houston Rockets,ATL:Atlanta Hawks
198,2025-03-25,09:00PM,UTA:Utah Jazz,MEM:Memphis Grizzlies
199,2025-03-25,10:00PM,POR:Portland Trail Blazers,CLE:Cleveland Cavaliers
200,2025-03-25,10:00PM,SAC:Sacramento Kings,OKC:Oklahoma City Thunder
201,2025-03-26,07:00PM,PHI:Philadelphia 76ers,WAS:Washington Wizards
202,2025-03-26,07:30PM,BRK:Brooklyn Nets,TOR:Toronto Raptors
203,2025-03-26,07:30PM,IND:Indiana Pacers,LAL:Los Angeles Lakers
204,2025-03-26,07:30PM,NYK:New York Knicks,LAC:Los Angeles Clippers
205,2025-03-26,09:00PM,DEN:Denver Nuggets,MIL:Milwaukee Bucks
206,2025-03-26,10:00PM,PHO:Phoenix Suns,BOS:Boston Celtics
208,2025-03-27,07:00PM,CLE:Cleveland Cavaliers,SAS:San Antonio Spurs
209,2025-03-27,07:00PM,ORL:Orlando Magic,DAL:Dallas Mavericks
210,2025-03-27,07:00PM,WAS:Washington Wizards,IND:Indiana Pacers
211,2025-03-27,07:30PM,MIA:Miami Heat,ATL:Atlanta Hawks
212,2025-03-27,08:00PM,CHI:Chicago Bulls,LAL:Los Angeles Lakers
213,2025-03-27,08:00PM,OKC:Oklahoma City Thunder,MEM:Memphis Grizzlies
214,2025-03-27,09:00PM,UTA:Utah Jazz,HOU:Houston Rockets
215,2025-03-27,10:00PM,SAC:Sacramento Kings,POR:Portland Trail Blazers
216,2025-03-28,07:00PM,DET:Detroit Pistons,CLE:Cleveland Cavaliers
217,2025-03-28,07:30PM,BRK:Brooklyn Nets,LAC:Los Angeles Clippers
218,2025-03-28,07:30PM,TOR:Toronto Raptors,CHO:Charlotte Hornets
219,2025-03-28,08:00PM,MIL:Milwaukee Bucks,NYK:New York Knicks
220,2025-03-28,08:00PM,MIN:Minnesota Timberwolves,PHO:Phoenix Suns
221,2025-03-28,08:00PM,NOP:New Orleans Pelicans,GSW:Golden State Warriors
222,2025-03-28,09:00PM,DEN:Denver Nuggets,UTA:Utah Jazz
223,2025-03-29,05:00PM,ORL:Orlando Magic,SAC:Sacramento Kings
224,2025-03-29,07:00PM,WAS:Washington Wizards,BRK:Brooklyn Nets
225,2025-03-29,07:30PM,PHI:Philadelphia 76ers,MIA:Miami Heat
226,2025-03-29,08:00PM,CHI:Chicago Bulls,DAL:Dallas Mavericks
227,2025-03-29,08:00PM,MEM:Memphis Grizzlies,LAL:Los Angeles Lakers
228,2025-03-29,08:00PM,OKC:Oklahoma City Thunder,IND:Indiana Pacers
229,2025-03-29,08:00PM,SAS:San Antonio Spurs,BOS:Boston Celtics
230,2025-03-30,03:30PM,CLE:Cleveland Cavaliers,LAC:Los Angeles Clippers
231,2025-03-30,06:00PM,NYK:New York Knicks,POR:Portland Trail Blazers
232,2025-03-30,07:00PM,MIL:Milwaukee Bucks,ATL:Atlanta Hawks
234,2025-03-30,07:00PM,MIN:Minnesota Timberwolves,DET:Detroit Pistons
235,2025-03-30,07:00PM,NOP:New Orleans Pelicans,CHO:Charlotte Hornets
236,2025-03-30,07:00PM,SAS:San Antonio Spurs,GSW:Golden State Warriors
237,2025-03-30,07:30PM,PHI:Philadelphia 76ers,TOR:Toronto Raptors
238,2025-03-30,09:00PM,PHO:Phoenix Suns,HOU:Houston Rockets
239,2025-03-31,07:00PM,CHO:Charlotte Hornets,UTA:Utah Jazz
240,2025-03-31,07:00PM,IND:Indiana Pacers,SAC:Sacramento Kings
241,2025-03-31,07:00PM,ORL:Orlando Magic,LAC:Los Angeles Clippers
242,2025-03-31,07:00PM,WAS:Washington Wizards,MIA:Miami Heat
243,2025-03-31,08:00PM,MEM:Memphis Grizzlies,BOS:Boston Celtics
244,2025-03-31,08:00PM,OKC:Oklahoma City Thunder,CHI:Chicago Bulls
245,2025-03-31,08:30PM,DAL:Dallas Mavericks,BRK:Brooklyn Nets
246,2025-03-31,10:30PM,LAL:Los Angeles Lakers,HOU:Houston Rockets
0,2025-04-01,07:30PM,ATL:Atlanta Hawks,POR:Portland Trail Blazers
1,2025-04-01,07:30PM,NYK:New York Knicks,PHI:Philadelphia 76ers
2,2025-04-01,08:00PM,CHI:Chicago Bulls,TOR:Toronto Raptors
3,2025-04-01,08:00PM,MEM:Memphis Grizzlies,GSW:Golden State Warriors
4,2025-04-01,08:00PM,MIL:Milwaukee Bucks,PHO:Phoenix Suns
5,2025-04-01,08:00PM,SAS:San Antonio Spurs,ORL:Orlando Magic
6,2025-04-01,10:00PM,DEN:Denver Nuggets,MIN:Minnesota Timberwolves
7,2025-04-02,07:00PM,CLE:Cleveland Cavaliers,NYK:New York Knicks
8,2025-04-02,07:00PM,IND:Indiana Pacers,CHO:Charlotte Hornets
9,2025-04-02,07:00PM,WAS:Washington Wizards,SAC:Sacramento Kings
10,2025-04-02,07:30PM,BOS:Boston Celtics,MIA:Miami Heat
11,2025-04-02,08:00PM,HOU:Houston Rockets,UTA:Utah Jazz
12,2025-04-02,08:00PM,OKC:Oklahoma City Thunder,DET:Detroit Pistons
13,2025-04-02,08:30PM,DAL:Dallas Mavericks,ATL:Atlanta Hawks
14,2025-04-02,09:00PM,DEN:Denver Nuggets,SAS:San Antonio Spurs
15,2025-04-02,10:00PM,LAC:Los Angeles Clippers,NOP:New Orleans Pelicans
16,2025-04-03,07:00PM,WAS:Washington Wizards,ORL:Orlando Magic
17,2025-04-03,07:30PM,BRK:Brooklyn Nets,MIN:Minnesota Timberwolves
18,2025-04-03,07:30PM,MIA:Miami Heat,MEM:Memphis Grizzlies
19,2025-04-03,07:30PM,PHI:Philadelphia 76ers,MIL:Milwaukee Bucks
20,2025-04-03,07:30PM,TOR:Toronto Raptors,POR:Portland Trail Blazers
21,2025-04-03,10:00PM,LAL:Los Angeles Lakers,GSW:Golden State Warriors
22,2025-04-04,07:00PM,CHO:Charlotte Hornets,SAC:Sacramento Kings
23,2025-04-04,07:00PM,IND:Indiana Pacers,UTA:Utah Jazz
24,2025-04-04,07:30PM,BOS:Boston Celtics,PHO:Phoenix Suns
26,2025-04-04,07:30PM,TOR:Toronto Raptors,DET:Detroit Pistons
27,2025-04-04,08:00PM,CHI:Chicago Bulls,POR:Portland Trail Blazers
28,2025-04-04,08:00PM,HOU:Houston Rockets,OKC:Oklahoma City Thunder
29,2025-04-04,08:00PM,SAS:San Antonio Spurs,CLE:Cleveland Cavaliers
30,2025-04-04,10:00PM,GSW:Golden State Warriors,DEN:Denver Nuggets
31,2025-04-04,10:30PM,LAC:Los Angeles Clippers,DAL:Dallas Mavericks
32,2025-04-04,10:30PM,LAL:Los Angeles Lakers,NOP:New Orleans Pelicans
33,2025-04-05,03:00PM,ATL:Atlanta Hawks,NYK:New York Knicks
34,2025-04-05,07:00PM,DET:Detroit Pistons,MEM:Memphis Grizzlies
35,2025-04-05,07:00PM,PHI:Philadelphia 76ers,MIN:Minnesota Timberwolves
36,2025-04-05,08:00PM,MIA:Miami Heat,MIL:Milwaukee Bucks
37,2025-04-05,10:30PM,LAC:Los Angeles Clippers,DAL:Dallas Mavericks
38,2025-04-06,01:00PM,CHO:Charlotte Hornets,CHI:Chicago Bulls
39,2025-04-06,03:30PM,BRK:Brooklyn Nets,TOR:Toronto Raptors
40,2025-04-06,03:30PM,OKC:Oklahoma City Thunder,LAL:Los Angeles Lakers
41,2025-04-06,06:00PM,ATL:Atlanta Hawks,UTA:Utah Jazz
42,2025-04-06,06:00PM,BOS:Boston Celtics,WAS:Washington Wizards
43,2025-04-06,06:00PM,CLE:Cleveland Cavaliers,SAC:Sacramento Kings
44,2025-04-06,06:00PM,POR:Portland Trail Blazers,SAS:San Antonio Spurs
45,2025-04-06,07:00PM,NYK:New York Knicks,PHO:Phoenix Suns
46,2025-04-06,08:00PM,DEN:Denver Nuggets,IND:Indiana Pacers
47,2025-04-06,08:30PM,GSW:Golden State Warriors,HOU:Houston Rockets
48,2025-04-06,08:30PM,NOP:New Orleans Pelicans,MIL:Milwaukee Bucks
49,2025-04-07,07:00PM,DET:Detroit Pistons,SAC:Sacramento Kings
50,2025-04-07,07:30PM,MIA:Miami Heat,PHI:Philadelphia 76ers
52,2025-04-08,07:00PM,CHO:Charlotte Hornets,MEM:Memphis Grizzlies
53,2025-04-08,07:00PM,CLE:Cleveland Cavaliers,CHI:Chicago Bulls
54,2025-04-08,07:00PM,IND:Indiana Pacers,WAS:Washington Wizards
55,2025-04-08,07:00PM,ORL:Orlando Magic,ATL:Atlanta Hawks
56,2025-04-08,07:30PM,BRK:Brooklyn Nets,NOP:New Orleans Pelicans
57,2025-04-08,07:30PM,NYK:New York Knicks,BOS:Boston Celtics
58,2025-04-08,08:00PM,MIL:Milwaukee Bucks,MIN:Minnesota Timberwolves
59,2025-04-08,08:00PM,OKC:Oklahoma City Thunder,LAL:Los Angeles Lakers
60,2025-04-08,10:00PM,PHO:Phoenix Suns,GSW:Golden State Warriors
61,2025-04-08,10:30PM,LAC:Los Angeles Clippers,SAS:San Antonio Spurs
62,2025-04-09,07:00PM,ORL:Orlando Magic,BOS:Boston Celtics
63,2025-04-09,07:00PM,WAS:Washington Wizards,PHI:Philadelphia 76ers
64,2025-04-09,07:30PM,DAL:Dallas Mavericks,LAL:Los Angeles Lakers
65,2025-04-09,07:30PM,TOR:Toronto Raptors,CHO:Charlotte Hornets
66,2025-04-09,08:00PM,CHI:Chicago Bulls,MIA:Miami Heat
67,2025-04-09,09:00PM,UTA:Utah Jazz,POR:Portland Trail Blazers
68,2025-04-09,10:00PM,GSW:Golden State Warriors,SAS:San Antonio Spurs
69,2025-04-09,10:00PM,PHO:Phoenix Suns,OKC:Oklahoma City Thunder
70,2025-04-09,10:00PM,SAC:Sacramento Kings,DEN:Denver Nuggets
71,2025-04-09,10:30PM,LAC:Los Angeles Clippers,HOU:Houston Rockets
72,2025-04-10,07:00PM,DET:Detroit Pistons,NYK:New York Knicks
73,2025-04-10,07:00PM,IND:Indiana Pacers,CLE:Cleveland Cavaliers
74,2025-04-10,07:30PM,BRK:Brooklyn Nets,ATL:Atlanta Hawks
75,2025-04-10,08:00PM,MIL:Milwaukee Bucks,NOP:New Orleans Pelicans
76,2025-04-10,09:30PM,MEM:Memphis Grizzlies,MIN:Minnesota Timberwolves
78,2025-04-11,07:00PM,DET:Detroit Pistons,MIL:Milwaukee Bucks
79,2025-04-11,07:00PM,IND:Indiana Pacers,ORL:Orlando Magic
80,2025-04-11,07:00PM,PHI:Philadelphia 76ers,ATL:Atlanta Hawks
81,2025-04-11,07:30PM,BOS:Boston Celtics,CHO:Charlotte Hornets
82,2025-04-11,07:30PM,NYK:New York Knicks,CLE:Cleveland Cavaliers
83,2025-04-11,08:00PM,CHI:Chicago Bulls,WAS:Washington Wizards
84,2025-04-11,08:00PM,NOP:New Orleans Pelicans,MIA:Miami Heat
85,2025-04-11,08:30PM,DAL:Dallas Mavericks,TOR:Toronto Raptors
86,2025-04-11,09:00PM,DEN:Denver Nuggets,MEM:Memphis Grizzlies
87,2025-04-11,09:00PM,MIN:Minnesota Timberwolves,BRK:Brooklyn Nets
88,2025-04-11,09:30PM,UTA:Utah Jazz,OKC:Oklahoma City Thunder
89,2025-04-11,10:00PM,PHO:Phoenix Suns,SAS:San Antonio Spurs
90,2025-04-11,10:00PM,POR:Portland Trail Blazers,GSW:Golden State Warriors
91,2025-04-11,10:00PM,SAC:Sacramento Kings,LAC:Los Angeles Clippers
92,2025-04-11,10:30PM,LAL:Los Angeles Lakers,HOU:Houston Rockets
93,2025-04-13,01:00PM,ATL:Atlanta Hawks,ORL:Orlando Magic
94,2025-04-13,01:00PM,BOS:Boston Celtics,CHO:Charlotte Hornets
95,2025-04-13,01:00PM,BRK:Brooklyn Nets,NYK:New York Knicks
96,2025-04-13,01:00PM,CLE:Cleveland Cavaliers,IND:Indiana Pacers
97,2025-04-13,01:00PM,MIA:Miami Heat,WAS:Washington Wizards
98,2025-04-13,01:00PM,MIL:Milwaukee Bucks,DET:Detroit Pistons
99,2025-04-13,01:00PM,PHI:Philadelphia 76ers,CHI:Chicago Bulls
100,2025-04-13,03:30PM,GSW:Golden State Warriors,LAC:Los Angeles Clippers
101,2025-04-13,03:30PM,HOU:Houston Rockets,DEN:Denver Nuggets
102,2025-04-13,03:30PM,MEM:Memphis Grizzlies,DAL:Dallas Mavericks
103,2025-04-13,03:30PM,MIN:Minnesota Timberwolves,UTA:Utah Jazz
104,2025-04-13,03:30PM,NOP:New Orleans Pelicans,OKC:Oklahoma City Thunder
105,2025-04-13,03:30PM,POR:Portland Trail Blazers,LAL:Los Angeles Lakers
106,2025-04-13,03:30PM,SAC:Sacramento Kings,PHO:Phoenix Suns
107,2025-04-13,03:30PM,SAS:San Antonio Spurs,TOR:Toronto Raptors
