,Rk,Wk,Date,Time,Day,Winner,Pts,Unnamed: 7,Loser,Pts.1,Notes
0,1,1,"Aug 24, 2024",12:00 PM,Sat,Georgia Tech,24,N,(10) Florida State,21,
1,2,1,"Aug 24, 2024",4:00 PM,Sat,Montana State,35,@,New Mexico,31,
2,3,1,"Aug 24, 2024",8:00 PM,Sat,Southern Methodist,29,@,Nevada,24,
3,4,1,"Aug 25, 2024",12:00 AM,Sun,Hawaii,35,,Delaware State,14,
4,Rk,Wk,Date,Time,Day,Winner,Pts,,Loser,Pts,Notes
5,5,2,"Aug 29, 2024",8:00 PM,Thu,Alabama-Birmingham,41,,Alcorn State,3,
6,6,2,"Aug 29, 2024",7:30 PM,Thu,Arkansas,70,,Arkansas-Pine Bluff,0,
7,7,2,"Aug 29, 2024",7:00 PM,Thu,Bowling Green,41,,Fordham,17,
8,8,2,"Aug 29, 2024",7:00 PM,Thu,Buffalo,30,,Lafayette,13,
9,9,2,"Aug 29, 2024",7:00 PM,Thu,Central Florida,57,,New Hampshire,3,
10,10,2,"Aug 29, 2024",7:00 PM,Thu,Central Michigan,66,,Central Connecticut State,10,
11,11,2,"Aug 29, 2024",8:00 PM,Thu,Coastal Carolina,55,@,Jacksonville State,27,
12,12,2,"Aug 29, 2024",8:00 PM,Thu,Colorado,31,,North Dakota State,26,
13,13,2,"Aug 29, 2024",9:00 PM,Thu,Illinois,45,,Eastern Illinois,0,
14,14,2,"Aug 29, 2024",8:00 PM,Thu,(22) Kansas,48,,Lindenwood,3,
15,15,2,"Aug 29, 2024",7:00 PM,Thu,Louisiana-Monroe,30,,Jackson State,14,
16,16,2,"Aug 29, 2024",8:00 PM,Thu,(11) Missouri,51,,Murray State,0,
17,17,2,"Aug 29, 2024",9:00 PM,Thu,North Carolina,19,@,Minnesota,17,
18,18,2,"Aug 29, 2024",7:00 PM,Thu,(24) North Carolina State,38,,Western Carolina,21,
19,19,2,"Aug 29, 2024",6:00 PM,Thu,Rutgers,44,,Howard,7,
20,20,2,"Aug 29, 2024",10:00 PM,Thu,San Jose State,42,,Sacramento State,24,
21,21,2,"Aug 29, 2024",7:30 PM,Thu,Toledo,49,,Duquesne,10,
22,22,2,"Aug 29, 2024",8:00 PM,Thu,Tulane,52,,Southeastern Louisiana,0,
23,23,2,"Aug 29, 2024",8:00 PM,Thu,Tulsa,62,,Northwestern State,28,
24,24,2,"Aug 29, 2024",9:00 PM,Thu,(12) Utah,49,,Southern Utah,0,
25,25,2,"Aug 29, 2024",7:00 PM,Thu,Wake Forest,45,,North Carolina A&T,13,
26,26,2,"Aug 30, 2024",6:00 PM,Fri,Army,42,,Lehigh,7,
27,27,2,"Aug 30, 2024",7:30 PM,Fri,Duke,26,,Elon,3,
28,28,2,"Aug 30, 2024",7:00 PM,Fri,Michigan State,16,,Florida Atlantic,10,
29,29,2,"Aug 30, 2024",7:00 PM,Fri,(16) Oklahoma,51,,Temple,3,
30,30,2,"Aug 30, 2024",10:30 PM,Fri,Texas Christian,34,@,Stanford,27,
31,31,2,"Aug 30, 2024",9:00 PM,Fri,Wisconsin,28,,Western Michigan,14,
32,32,2,"Aug 31, 2024",3:30 PM,Sat,Air Force,21,,Merrimack,6,
33,33,2,"Aug 31, 2024",7:00 PM,Sat,(5) Alabama,63,,Western Kentucky,0,
34,34,2,"Aug 31, 2024",3:30 PM,Sat,Appalachian State,38,,East Tennessee State,10,
35,35,2,"Aug 31, 2024",10:30 PM,Sat,(21) Arizona,61,,New Mexico,39,
36,36,2,"Aug 31, 2024",10:30 PM,Sat,Arizona State,48,,Wyoming,7,
37,37,2,"Aug 31, 2024",7:00 PM,Sat,Arkansas State,34,,Central Arkansas,31,
38,38,2,"Aug 31, 2024",7:30 PM,Sat,Auburn,73,,Alabama A&M,3,
39,39,2,"Aug 31, 2024",7:00 PM,Sat,Baylor,45,,Tarleton State,3,
40,40,2,"Aug 31, 2024",4:00 PM,Sat,Boise State,56,@,Georgia Southern,45,
41,41,2,"Aug 31, 2024",8:00 PM,Sat,Brigham Young,41,,Southern Illinois,13,
42,42,2,"Aug 31, 2024",5:00 PM,Sat,California,31,,California-Davis,13,
43,43,2,"Aug 31, 2024",2:30 PM,Sat,Cincinnati,38,,Towson,20,
44,44,2,"Aug 31, 2024",6:00 PM,Sat,East Carolina,42,,Norfolk State,3,
45,45,2,"Aug 31, 2024",3:30 PM,Sat,Eastern Michigan,28,@,Massachusetts,14,
46,46,2,"Aug 31, 2024",12:00 PM,Sat,(1) Georgia,34,N,(14) Clemson,3,
47,47,2,"Aug 31, 2024",8:00 PM,Sat,Georgia Tech,35,,Georgia State,12,
48,48,2,"Aug 31, 2024",3:30 PM,Sat,Indiana,31,,Florida International,7,
49,49,2,"Aug 31, 2024",12:00 PM,Sat,(25) Iowa,40,,Illinois State,0,
50,50,2,"Aug 31, 2024",3:30 PM,Sat,Iowa State,21,,North Dakota,3,
51,51,2,"Aug 31, 2024",8:00 PM,Sat,James Madison,30,@,Charlotte,7,
52,52,2,"Aug 31, 2024",7:00 PM,Sat,(18) Kansas State,41,,Tennessee-Martin,6,
53,53,2,"Aug 31, 2024",7:45 PM,Sat,Kentucky,31,,Southern Mississippi,0,
54,54,2,"Aug 31, 2024",6:00 PM,Sat,Liberty,41,,Campbell,24,
55,55,2,"Aug 31, 2024",8:00 PM,Sat,Louisiana,40,,Grambling State,10,
56,56,2,"Aug 31, 2024",8:00 PM,Sat,Louisiana Tech,25,,Nicholls State,17,
57,57,2,"Aug 31, 2024",12:00 PM,Sat,Louisville,62,,Austin Peay,0,
58,58,2,"Aug 31, 2024",5:00 PM,Sat,Marshall,45,,Stony Brook,3,
59,59,2,"Aug 31, 2024",12:00 PM,Sat,Maryland,50,,Connecticut,7,
60,60,2,"Aug 31, 2024",7:00 PM,Sat,Memphis,40,,North Alabama,0,
61,61,2,"Aug 31, 2024",3:30 PM,Sat,(19) Miami (FL),41,@,Florida,17,
62,62,2,"Aug 31, 2024",7:30 PM,Sat,(9) Michigan,30,,Fresno State,10,
63,63,2,"Aug 31, 2024",7:00 PM,Sat,Middle Tennessee State,32,,Tennessee Tech,25,
64,64,2,"Aug 31, 2024",7:00 PM,Sat,(6) Mississippi,76,,Furman,0,
65,65,2,"Aug 31, 2024",6:00 PM,Sat,Mississippi State,56,,Eastern Kentucky,7,
66,66,2,"Aug 31, 2024",12:00 PM,Sat,Navy,49,,Bucknell,21,
67,67,2,"Aug 31, 2024",3:30 PM,Sat,Nebraska,40,,Texas-El Paso,7,
68,68,2,"Aug 31, 2024",7:00 PM,Sat,Nevada,28,@,Troy,26,
69,69,2,"Aug 31, 2024",7:00 PM,Sat,Nevada-Las Vegas,27,@,Houston,7,
70,70,2,"Aug 31, 2024",9:00 PM,Sat,New Mexico State,23,,Southeast Missouri State,16,
71,71,2,"Aug 31, 2024",5:00 PM,Sat,North Texas,52,@,South Alabama,38,
72,72,2,"Aug 31, 2024",3:30 PM,Sat,Northern Illinois,54,,Western Illinois,15,
73,73,2,"Aug 31, 2024",3:30 PM,Sat,Northwestern,13,,Miami (OH),6,
74,74,2,"Aug 31, 2024",7:30 PM,Sat,(7) Notre Dame,23,@,(20) Texas A&M,13,
75,75,2,"Aug 31, 2024",3:30 PM,Sat,(2) Ohio State,52,,Akron,6,
76,76,2,"Aug 31, 2024",2:00 PM,Sat,(17) Oklahoma State,44,,South Dakota State,20,
77,77,2,"Aug 31, 2024",7:30 PM,Sat,(3) Oregon,24,,Idaho,14,
78,78,2,"Aug 31, 2024",6:30 PM,Sat,Oregon State,38,,Idaho State,15,
79,79,2,"Aug 31, 2024",12:00 PM,Sat,(8) Penn State,34,@,West Virginia,12,
80,80,2,"Aug 31, 2024",12:00 PM,Sat,Pittsburgh,55,,Kent State,24,
81,81,2,"Aug 31, 2024",12:00 PM,Sat,Purdue,49,,Indiana State,0,
82,82,2,"Aug 31, 2024",7:00 PM,Sat,Sam Houston,34,@,Rice,14,
83,83,2,"Aug 31, 2024",8:00 PM,Sat,San Diego State,45,,Texas A&M-Commerce,14,
84,84,2,"Aug 31, 2024",4:15 PM,Sat,South Carolina,23,,Old Dominion,19,
85,85,2,"Aug 31, 2024",7:00 PM,Sat,South Florida,48,,Bethune-Cookman,3,
86,86,2,"Aug 31, 2024",8:00 PM,Sat,Southern Methodist,59,,Houston Baptist,7,
87,87,2,"Aug 31, 2024",3:30 PM,Sat,Syracuse,38,,Ohio,22,
88,88,2,"Aug 31, 2024",12:45 PM,Sat,(15) Tennessee,69,,Chattanooga,3,
89,89,2,"Aug 31, 2024",3:30 PM,Sat,(4) Texas,52,,Colorado State,0,
90,90,2,"Aug 31, 2024",8:00 PM,Sat,Texas State,34,,Lamar,27,
91,91,2,"Aug 31, 2024",7:30 PM,Sat,Texas Tech,52,,Abilene Christian,51,
92,92,2,"Aug 31, 2024",3:30 PM,Sat,Texas-San Antonio,28,,Kennesaw State,16,
93,93,2,"Aug 31, 2024",7:30 PM,Sat,UCLA,16,@,Hawaii,13,
94,94,2,"Aug 31, 2024",8:00 PM,Sat,Utah State,36,,Robert Morris,14,
95,95,2,"Aug 31, 2024",12:00 PM,Sat,Vanderbilt,34,,Virginia Tech,27,
96,96,2,"Aug 31, 2024",6:00 PM,Sat,Virginia,34,,Richmond,13,
97,97,2,"Aug 31, 2024",11:00 PM,Sat,Washington,35,,Weber State,3,
98,98,2,"Aug 31, 2024",3:00 PM,Sat,Washington State,70,,Portland State,30,
99,99,2,"Sep 1, 2024",7:30 PM,Sun,(23) Southern California,27,N,(13) Louisiana State,20,
100,100,2,"Sep 2, 2024",7:30 PM,Mon,Boston College,28,@,(10) Florida State,13,
101,Rk,Wk,Date,Time,Day,Winner,Pts,,Loser,Pts,Notes
102,101,3,"Sep 6, 2024",7:00 PM,Fri,Brigham Young,18,@,Southern Methodist,15,
103,102,3,"Sep 6, 2024",9:00 PM,Fri,Duke,26,@,Northwestern,20,
104,103,3,"Sep 6, 2024",7:00 PM,Fri,Indiana,77,,Western Illinois,3,
105,104,3,"Sep 7, 2024",7:00 PM,Sat,(4) Alabama,42,,South Florida,16,
106,105,3,"Sep 7, 2024",10:00 PM,Sat,(20) Arizona,22,,Northern Arizona,10,
107,106,3,"Sep 7, 2024",10:30 PM,Sat,Arizona State,30,,Mississippi State,23,
108,107,3,"Sep 7, 2024",7:00 PM,Sat,Arkansas State,28,,Tulsa,24,
109,108,3,"Sep 7, 2024",12:00 PM,Sat,Army,24,@,Florida Atlantic,7,
110,109,3,"Sep 7, 2024",2:00 PM,Sat,Ball State,42,,Missouri State,34,
111,110,3,"Sep 7, 2024",3:30 PM,Sat,Boston College,56,,Duquesne,0,
112,111,3,"Sep 7, 2024",3:30 PM,Sat,California,21,@,Auburn,14,
113,112,3,"Sep 7, 2024",6:30 PM,Sat,Central Florida,45,,Sam Houston,14,
114,113,3,"Sep 7, 2024",8:00 PM,Sat,(25) Clemson,66,,Appalachian State,20,
115,114,3,"Sep 7, 2024",7:00 PM,Sat,Coastal Carolina,40,,William & Mary,21,
116,115,3,"Sep 7, 2024",7:00 PM,Sat,Colorado State,38,,Northern Colorado,17,
117,116,3,"Sep 7, 2024",12:00 PM,Sat,Connecticut,63,,Merrimack,17,
118,117,3,"Sep 7, 2024",6:00 PM,Sat,East Carolina,20,@,Old Dominion,14,
119,118,3,"Sep 7, 2024",7:00 PM,Sat,Florida,45,,Samford,7,
120,119,3,"Sep 7, 2024",6:00 PM,Sat,Florida International,52,,Central Michigan,16,
121,120,3,"Sep 7, 2024",10:00 PM,Sat,Fresno State,46,,Sacramento State,30,
122,121,3,"Sep 7, 2024",2:00 PM,Sat,(1) Georgia,48,,Tennessee Tech,3,
123,122,3,"Sep 7, 2024",7:00 PM,Sat,Georgia Southern,20,@,Nevada,17,
124,123,3,"Sep 7, 2024",7:00 PM,Sat,Georgia State,24,,Chattanooga,21,
125,124,3,"Sep 7, 2024",3:30 PM,Sat,Idaho,17,@,Wyoming,13,
126,125,3,"Sep 7, 2024",7:00 PM,Sat,Illinois,23,,(19) Kansas,17,
127,126,3,"Sep 7, 2024",3:30 PM,Sat,Iowa State,20,@,(21) Iowa,19,
128,127,3,"Sep 7, 2024",6:00 PM,Sat,James Madison,13,,Gardner-Webb,6,
129,128,3,"Sep 7, 2024",12:00 PM,Sat,(17) Kansas State,34,@,Tulane,27,
130,129,3,"Sep 7, 2024",10:15 PM,Sat,Liberty,30,@,New Mexico State,24,
131,130,3,"Sep 7, 2024",7:00 PM,Sat,Louisiana,34,@,Kennesaw State,10,
132,131,3,"Sep 7, 2024",7:30 PM,Sat,(18) Louisiana State,44,,Nicholls State,21,
133,132,3,"Sep 7, 2024",7:00 PM,Sat,Louisiana-Monroe,32,,Alabama-Birmingham,6,
134,133,3,"Sep 7, 2024",3:30 PM,Sat,(22) Louisville,49,,Jacksonville State,14,
135,134,3,"Sep 7, 2024",12:00 PM,Sat,Memphis,38,,Troy,17,
136,135,3,"Sep 7, 2024",6:00 PM,Sat,(12) Miami (FL),56,,Florida A&M,9,
137,136,3,"Sep 7, 2024",3:30 PM,Sat,Michigan State,27,@,Maryland,24,
138,137,3,"Sep 7, 2024",12:00 PM,Sat,Minnesota,48,,Rhode Island,0,
139,138,3,"Sep 7, 2024",4:15 PM,Sat,(6) Mississippi,52,,Middle Tennessee State,3,
140,139,3,"Sep 7, 2024",7:00 PM,Sat,(9) Missouri,38,,Buffalo,0,
141,140,3,"Sep 7, 2024",3:30 PM,Sat,Navy,38,,Temple,11,
142,141,3,"Sep 7, 2024",7:30 PM,Sat,Nebraska,28,,Colorado,10,
143,142,3,"Sep 7, 2024",3:00 PM,Sat,Nevada-Las Vegas,72,,Utah Tech,14,
144,143,3,"Sep 7, 2024",3:30 PM,Sat,North Carolina,38,,Charlotte,20,
145,144,3,"Sep 7, 2024",7:30 PM,Sat,North Texas,35,,Stephen F. Austin,20,
146,145,3,"Sep 7, 2024",3:30 PM,Sat,Northern Illinois,16,@,(5) Notre Dame,14,
147,146,3,"Sep 7, 2024",6:00 PM,Sat,Ohio,27,,South Alabama,20,
148,147,3,"Sep 7, 2024",7:30 PM,Sat,(2) Ohio State,56,,Western Michigan,0,
149,148,3,"Sep 7, 2024",7:45 PM,Sat,(15) Oklahoma,16,,Houston,12,
150,149,3,"Sep 7, 2024",12:00 PM,Sat,(16) Oklahoma State,39,,Arkansas,31,
151,150,3,"Sep 7, 2024",10:00 PM,Sat,(7) Oregon,37,,Boise State,34,
152,151,3,"Sep 7, 2024",10:30 PM,Sat,Oregon State,21,@,San Diego State,0,
153,152,3,"Sep 7, 2024",12:00 PM,Sat,(8) Penn State,34,,Bowling Green,27,
154,153,3,"Sep 7, 2024",12:00 PM,Sat,Pittsburgh,28,@,Cincinnati,27,
155,154,3,"Sep 7, 2024",7:00 PM,Sat,Rice,69,,Texas Southern,7,
156,155,3,"Sep 7, 2024",12:00 PM,Sat,Rutgers,49,,Akron,17,
157,156,3,"Sep 7, 2024",7:00 PM,Sat,San Jose State,17,@,Air Force,7,
158,157,3,"Sep 7, 2024",3:30 PM,Sat,South Carolina,31,@,Kentucky,6,
159,158,3,"Sep 7, 2024",11:00 PM,Sat,(13) Southern California,48,,Utah State,0,
160,159,3,"Sep 7, 2024",7:00 PM,Sat,Southern Mississippi,35,,Southeastern Louisiana,10,
161,160,3,"Sep 7, 2024",9:00 PM,Sat,Southern Utah,27,@,Texas-El Paso,24,
162,161,3,"Sep 7, 2024",2:30 PM,Sat,St. Francis (PA),23,@,Kent State,17,
163,162,3,"Sep 7, 2024",7:00 PM,Sat,Stanford,41,,Cal Poly,7,
164,163,3,"Sep 7, 2024",12:00 PM,Sat,Syracuse,31,,(23) Georgia Tech,28,
165,164,3,"Sep 7, 2024",7:30 PM,Sat,(14) Tennessee,51,N,(24) North Carolina State,10,
166,165,3,"Sep 7, 2024",12:00 PM,Sat,(3) Texas,31,@,(10) Michigan,12,
167,166,3,"Sep 7, 2024",12:45 PM,Sat,Texas A&M,52,,McNeese State,10,
168,167,3,"Sep 7, 2024",8:00 PM,Sat,Texas Christian,45,,Long Island,0,
169,168,3,"Sep 7, 2024",4:00 PM,Sat,Texas State,49,,Texas-San Antonio,10,
170,169,3,"Sep 7, 2024",3:30 PM,Sat,Toledo,38,,Massachusetts,23,
171,170,3,"Sep 7, 2024",3:30 PM,Sat,(11) Utah,23,,Baylor,12,
172,171,3,"Sep 7, 2024",7:30 PM,Sat,Vanderbilt,55,,Alcorn State,0,
173,172,3,"Sep 7, 2024",7:00 PM,Sat,Virginia,31,@,Wake Forest,30,
174,173,3,"Sep 7, 2024",4:30 PM,Sat,Virginia Tech,31,,Marshall,14,
175,174,3,"Sep 7, 2024",3:30 PM,Sat,Washington,30,,Eastern Michigan,9,
176,175,3,"Sep 7, 2024",10:00 PM,Sat,Washington State,37,,Texas Tech,16,
177,176,3,"Sep 7, 2024",6:00 PM,Sat,West Virginia,49,,Albany,14,
178,177,3,"Sep 7, 2024",7:00 PM,Sat,Western Kentucky,31,,Eastern Kentucky,0,
179,178,3,"Sep 7, 2024",3:30 PM,Sat,Wisconsin,27,,South Dakota,13,
180,Rk,Wk,Date,Time,Day,Winner,Pts,,Loser,Pts,Notes
181,179,4,"Sep 12, 2024",7:30 PM,Thu,Arizona State,31,@,Texas State,28,
182,180,4,"Sep 12, 2024",7:30 PM,Thu,South Alabama,87,,Northwestern State,10,
183,181,4,"Sep 13, 2024",8:00 PM,Fri,(14) Kansas State,31,,(20) Arizona,7,
184,182,4,"Sep 13, 2024",7:00 PM,Fri,Nevada-Las Vegas,23,@,Kansas,20,
185,183,4,"Sep 14, 2024",6:00 PM,Sat,Akron,31,,Colgate,20,
186,184,4,"Sep 14, 2024",12:00 PM,Sat,(4) Alabama,42,@,Wisconsin,10,
187,185,4,"Sep 14, 2024",4:00 PM,Sat,Appalachian State,21,@,East Carolina,19,
188,186,4,"Sep 14, 2024",4:15 PM,Sat,Arkansas,37,,Alabama-Birmingham,27,
189,187,4,"Sep 14, 2024",7:30 PM,Sat,Auburn,45,,New Mexico,19,
190,188,4,"Sep 14, 2024",7:30 PM,Sat,Baylor,31,,Air Force,3,
191,189,4,"Sep 14, 2024",9:00 PM,Sat,Brigham Young,34,@,Wyoming,14,
192,190,4,"Sep 14, 2024",1:00 PM,Sat,Buffalo,34,,Massachusetts,3,
193,191,4,"Sep 14, 2024",10:30 PM,Sat,California,31,,San Diego State,10,
194,192,4,"Sep 14, 2024",7:30 PM,Sat,Central Florida,35,@,Texas Christian,34,
195,193,4,"Sep 14, 2024",6:00 PM,Sat,Charlotte,27,,Gardner-Webb,26,
196,194,4,"Sep 14, 2024",12:00 PM,Sat,Cincinnati,27,@,Miami (OH),16,
197,195,4,"Sep 14, 2024",2:00 PM,Sat,Coastal Carolina,28,@,Temple,20,
198,196,4,"Sep 14, 2024",7:30 PM,Sat,Colorado,28,@,Colorado State,9,
199,197,4,"Sep 14, 2024",6:00 PM,Sat,Duke,26,,Connecticut,21,
200,198,4,"Sep 14, 2024",7:00 PM,Sat,Eastern Michigan,37,,Jacksonville State,34,
201,199,4,"Sep 14, 2024",6:00 PM,Sat,Florida Atlantic,38,,Florida International,20,
202,200,4,"Sep 14, 2024",10:30 PM,Sat,Fresno State,48,,New Mexico State,0,
203,201,4,"Sep 14, 2024",7:30 PM,Sat,(1) Georgia,13,@,Kentucky,12,
204,202,4,"Sep 14, 2024",6:00 PM,Sat,Georgia Southern,42,,South Carolina State,14,
205,203,4,"Sep 14, 2024",7:00 PM,Sat,Georgia State,36,,Vanderbilt,32,
206,204,4,"Sep 14, 2024",3:30 PM,Sat,Georgia Tech,59,,Virginia Military Institute,7,
207,205,4,"Sep 14, 2024",8:00 PM,Sat,Houston,33,,Rice,7,
208,206,4,"Sep 14, 2024",12:00 PM,Sat,Illinois,30,,Central Michigan,9,
209,207,4,"Sep 14, 2024",7:30 PM,Sat,Indiana,42,@,UCLA,13,
210,208,4,"Sep 14, 2024",4:00 PM,Sat,Iowa,38,,Troy,21,
211,209,4,"Sep 14, 2024",6:00 PM,Sat,Liberty,28,,Texas-El Paso,10,
212,210,4,"Sep 14, 2024",12:00 PM,Sat,(16) Louisiana State,36,@,South Carolina,33,
213,211,4,"Sep 14, 2024",8:00 PM,Sat,Maryland,27,@,Virginia,13,
214,212,4,"Sep 14, 2024",12:00 PM,Sat,Memphis,20,@,Florida State,12,
215,213,4,"Sep 14, 2024",3:30 PM,Sat,(10) Miami (FL),62,,Ball State,0,
216,214,4,"Sep 14, 2024",12:00 PM,Sat,(17) Michigan,28,,Arkansas State,18,
217,215,4,"Sep 14, 2024",3:30 PM,Sat,Michigan State,40,,Prairie View A&M,0,
218,216,4,"Sep 14, 2024",3:30 PM,Sat,Minnesota,27,,Nevada,0,
219,217,4,"Sep 14, 2024",6:30 PM,Sat,(5) Mississippi,40,@,Wake Forest,6,
220,218,4,"Sep 14, 2024",12:45 PM,Sat,(6) Missouri,27,,(24) Boston College,21,
221,219,4,"Sep 14, 2024",7:30 PM,Sat,(23) Nebraska,34,,Northern Iowa,3,
222,220,4,"Sep 14, 2024",6:00 PM,Sat,North Carolina,45,,North Carolina Central,10,
223,221,4,"Sep 14, 2024",12:00 PM,Sat,North Carolina State,30,,Louisiana Tech,20,
224,222,4,"Sep 14, 2024",7:30 PM,Sat,Northwestern,31,,Eastern Illinois,7,
225,223,4,"Sep 14, 2024",3:30 PM,Sat,(18) Notre Dame,66,@,Purdue,7,
226,224,4,"Sep 14, 2024",3:30 PM,Sat,Ohio,21,,Morgan State,6,
227,225,4,"Sep 14, 2024",3:30 PM,Sat,(15) Oklahoma,34,,Tulane,19,
228,226,4,"Sep 14, 2024",12:00 PM,Sat,(13) Oklahoma State,45,@,Tulsa,10,
229,227,4,"Sep 14, 2024",3:30 PM,Sat,(9) Oregon,49,@,Oregon State,14,
230,228,4,"Sep 14, 2024",3:30 PM,Sat,Pittsburgh,38,,West Virginia,34,
231,229,4,"Sep 14, 2024",7:00 PM,Sat,Sam Houston,31,,Hawaii,13,
232,230,4,"Sep 14, 2024",7:00 PM,Sat,San Jose State,31,,Kennesaw State,10,
233,231,4,"Sep 14, 2024",7:00 PM,Sat,South Florida,49,@,Southern Mississippi,24,
234,232,4,"Sep 14, 2024",7:45 PM,Sat,(7) Tennessee,71,,Kent State,0,
235,233,4,"Sep 14, 2024",7:00 PM,Sat,(2) Texas,56,,Texas-San Antonio,7,
236,234,4,"Sep 14, 2024",3:30 PM,Sat,Texas A&M,33,@,Florida,20,
237,235,4,"Sep 14, 2024",12:00 PM,Sat,Texas Tech,66,,North Texas,21,
238,236,4,"Sep 14, 2024",7:30 PM,Sat,Toledo,41,@,Mississippi State,17,
239,237,4,"Sep 14, 2024",4:30 PM,Sat,(12) Utah,38,@,Utah State,21,
240,238,4,"Sep 14, 2024",6:00 PM,Sat,Virginia Tech,37,@,Old Dominion,17,
241,239,4,"Sep 14, 2024",3:30 PM,Sat,Washington State,24,N,Washington,19,
242,240,4,"Sep 14, 2024",7:00 PM,Sat,Western Kentucky,49,@,Middle Tennessee State,21,
243,241,4,"Sep 14, 2024",6:30 PM,Sat,Western Michigan,59,,Bethune-Cookman,31,
244,Rk,Wk,Date,Time,Day,Winner,Pts,,Loser,Pts,Notes
245,242,5,"Sep 19, 2024",7:30 PM,Thu,South Alabama,48,@,Appalachian State,14,
246,243,5,"Sep 20, 2024",8:00 PM,Fri,(24) Illinois,31,@,(22) Nebraska,24,
247,244,5,"Sep 20, 2024",7:30 PM,Fri,Stanford,26,@,Syracuse,24,
248,245,5,"Sep 20, 2024",10:00 PM,Fri,Washington State,54,,San Jose State,52,
249,246,5,"Sep 21, 2024",3:30 PM,Sat,Arkansas,24,@,Auburn,14,
250,247,5,"Sep 21, 2024",12:00 PM,Sat,Army,37,,Rice,14,
251,248,5,"Sep 21, 2024",9:45 PM,Sat,Boise State,56,,Portland State,14,
252,249,5,"Sep 21, 2024",8:00 PM,Sat,Boston College,23,,Michigan State,19,
253,250,5,"Sep 21, 2024",10:30 PM,Sat,Brigham Young,38,,(13) Kansas State,9,
254,251,5,"Sep 21, 2024",3:30 PM,Sat,Buffalo,23,@,(23) Northern Illinois,20,
255,252,5,"Sep 21, 2024",1:00 PM,Sat,Central Michigan,37,,Ball State,34,
256,253,5,"Sep 21, 2024",12:00 PM,Sat,Cincinnati,34,,Houston,0,
257,254,5,"Sep 21, 2024",12:00 PM,Sat,(21) Clemson,59,,North Carolina State,35,
258,255,5,"Sep 21, 2024",8:00 PM,Sat,Colorado,38,,Baylor,31,
259,256,5,"Sep 21, 2024",5:00 PM,Sat,Colorado State,27,,Texas-El Paso,17,
260,257,5,"Sep 21, 2024",7:00 PM,Sat,Connecticut,48,,Florida Atlantic,14,
261,258,5,"Sep 21, 2024",4:00 PM,Sat,Duke,45,@,Middle Tennessee State,17,
262,259,5,"Sep 21, 2024",2:00 PM,Sat,Eastern Michigan,36,,St. Francis (PA),0,
263,260,5,"Sep 21, 2024",12:00 PM,Sat,Florida,45,@,Mississippi State,28,
264,261,5,"Sep 21, 2024",7:00 PM,Sat,Florida State,14,,California,9,
265,262,5,"Sep 21, 2024",8:30 PM,Sat,Fresno State,38,@,New Mexico,21,
266,263,5,"Sep 21, 2024",12:00 PM,Sat,Indiana,52,,Charlotte,14,
267,264,5,"Sep 21, 2024",7:30 PM,Sat,Iowa,31,@,Minnesota,14,
268,265,5,"Sep 21, 2024",2:00 PM,Sat,(20) Iowa State,52,,Arkansas State,7,
269,266,5,"Sep 21, 2024",3:00 PM,Sat,Jacksonville State,44,,Southern Mississippi,7,
270,267,5,"Sep 21, 2024",12:00 PM,Sat,James Madison,70,@,North Carolina,50,
271,268,5,"Sep 21, 2024",12:45 PM,Sat,Kentucky,41,,Ohio,6,
272,269,5,"Sep 21, 2024",6:00 PM,Sat,Liberty,35,,East Carolina,24,
273,270,5,"Sep 21, 2024",3:45 PM,Sat,(16) Louisiana State,34,,UCLA,17,
274,271,5,"Sep 21, 2024",3:30 PM,Sat,(19) Louisville,31,,Georgia Tech,19,
275,272,5,"Sep 21, 2024",12:00 PM,Sat,Maryland,38,,Villanova,20,
276,273,5,"Sep 21, 2024",3:30 PM,Sat,Massachusetts,35,,Central Connecticut State,31,
277,274,5,"Sep 21, 2024",7:00 PM,Sat,(8) Miami (FL),50,@,South Florida,15,
278,275,5,"Sep 21, 2024",3:30 PM,Sat,(18) Michigan,27,,(11) Southern California,24,
279,276,5,"Sep 21, 2024",7:45 PM,Sat,(5) Mississippi,52,,Georgia Southern,13,
280,277,5,"Sep 21, 2024",4:15 PM,Sat,(7) Missouri,30,,Vanderbilt,27,
281,278,5,"Sep 21, 2024",6:00 PM,Sat,Monmouth,45,@,Florida International,42,
282,279,5,"Sep 21, 2024",3:30 PM,Sat,Navy,56,,Memphis,44,
283,280,5,"Sep 21, 2024",3:00 PM,Sat,Nevada,49,,Eastern Washington,16,
284,281,5,"Sep 21, 2024",7:00 PM,Sat,North Texas,44,,Wyoming,17,
285,282,5,"Sep 21, 2024",3:30 PM,Sat,(17) Notre Dame,28,,Miami (OH),3,
286,283,5,"Sep 21, 2024",12:00 PM,Sat,(3) Ohio State,49,,Marshall,14,
287,284,5,"Sep 21, 2024",8:30 PM,Sat,Oregon State,38,,Purdue,21,
288,285,5,"Sep 21, 2024",3:30 PM,Sat,(10) Penn State,56,,Kent State,0,
289,286,5,"Sep 21, 2024",3:30 PM,Sat,Pittsburgh,73,,Youngstown State,17,
290,287,5,"Sep 21, 2024",3:30 PM,Sat,Rutgers,26,@,Virginia Tech,23,
291,288,5,"Sep 21, 2024",7:00 PM,Sat,Sam Houston,31,,New Mexico State,11,
292,289,5,"Sep 21, 2024",7:30 PM,Sat,South Carolina,50,,Akron,7,
293,290,5,"Sep 21, 2024",5:00 PM,Sat,Southern Methodist,66,,Texas Christian,42,
294,291,5,"Sep 21, 2024",2:00 PM,Sat,Temple,45,,Utah State,29,
295,292,5,"Sep 21, 2024",7:30 PM,Sat,(6) Tennessee,25,@,(15) Oklahoma,15,
296,293,5,"Sep 21, 2024",8:00 PM,Sat,(1) Texas,51,,Louisiana-Monroe,3,
297,294,5,"Sep 21, 2024",7:30 PM,Sat,(25) Texas A&M,26,,Bowling Green,20,
298,295,5,"Sep 21, 2024",3:30 PM,Sat,Texas Tech,30,,Arizona State,22,
299,296,5,"Sep 21, 2024",3:30 PM,Sat,Texas-San Antonio,45,,Houston Baptist,7,
300,297,5,"Sep 21, 2024",7:00 PM,Sat,Troy,34,,Florida A&M,12,
301,298,5,"Sep 21, 2024",12:00 PM,Sat,Tulane,41,@,Louisiana,33,
302,299,5,"Sep 21, 2024",7:00 PM,Sat,Tulsa,23,@,Louisiana Tech,20,
303,300,5,"Sep 21, 2024",4:00 PM,Sat,(12) Utah,22,@,(14) Oklahoma State,19,
304,301,5,"Sep 21, 2024",2:00 PM,Sat,Virginia,43,@,Coastal Carolina,24,
305,302,5,"Sep 21, 2024",7:00 PM,Sat,Washington,24,,Northwestern,5,
306,303,5,"Sep 21, 2024",12:00 PM,Sat,West Virginia,32,,Kansas,28,
307,304,5,"Sep 21, 2024",7:00 PM,Sat,Western Kentucky,26,,Toledo,21,
308,305,5,"Sep 22, 2024",12:00 AM,Sun,Hawaii,36,,Northern Iowa,7,
309,Rk,Wk,Date,Time,Day,Winner,Pts,,Loser,Pts,Notes
310,306,6,"Sep 26, 2024",7:30 PM,Thu,Army,42,@,Temple,14,
311,307,6,"Sep 27, 2024",7:30 PM,Fri,(7) Miami (FL),38,,Virginia Tech,34,
312,308,6,"Sep 27, 2024",8:00 PM,Fri,Rutgers,21,,Washington,18,
313,309,6,"Sep 28, 2024",7:30 PM,Sat,(4) Alabama,41,,(2) Georgia,34,
314,310,6,"Sep 28, 2024",10:15 PM,Sat,Arizona,23,@,(10) Utah,10,
315,311,6,"Sep 28, 2024",10:00 PM,Sat,(25) Boise State,45,,Washington State,24,
316,312,6,"Sep 28, 2024",12:00 PM,Sat,Boston College,21,,Western Kentucky,20,
317,313,6,"Sep 28, 2024",12:00 PM,Sat,(22) Brigham Young,34,@,Baylor,28,
318,314,6,"Sep 28, 2024",3:30 PM,Sat,Central Michigan,22,,San Diego State,21,
319,315,6,"Sep 28, 2024",7:00 PM,Sat,Charlotte,21,@,Rice,20,
320,316,6,"Sep 28, 2024",7:00 PM,Sat,(17) Clemson,40,,Stanford,14,
321,317,6,"Sep 28, 2024",3:30 PM,Sat,Colorado,48,@,Central Florida,21,
322,318,6,"Sep 28, 2024",12:00 PM,Sat,Connecticut,47,,Buffalo,3,
323,319,6,"Sep 28, 2024",4:00 PM,Sat,Duke,21,,North Carolina,20,
324,320,6,"Sep 28, 2024",4:00 PM,Sat,East Carolina,30,,Texas-San Antonio,20,
325,321,6,"Sep 28, 2024",3:30 PM,Sat,Eastern Michigan,52,@,Kent State,33,
326,322,6,"Sep 28, 2024",6:00 PM,Sat,Florida Atlantic,41,,Wagner,10,
327,323,6,"Sep 28, 2024",6:00 PM,Sat,Florida International,17,,Louisiana Tech,10,
328,324,6,"Sep 28, 2024",3:30 PM,Sat,Georgia Southern,38,@,Georgia State,21,
329,325,6,"Sep 28, 2024",12:00 PM,Sat,Indiana,42,,Maryland,28,
330,326,6,"Sep 28, 2024",7:00 PM,Sat,(18) Iowa State,20,@,Houston,0,
331,327,6,"Sep 28, 2024",1:30 PM,Sat,James Madison,63,,Ball State,7,
332,328,6,"Sep 28, 2024",12:00 PM,Sat,(23) Kansas State,42,,(20) Oklahoma State,20,
333,329,6,"Sep 28, 2024",12:00 PM,Sat,Kentucky,20,@,(6) Mississippi,17,
334,330,6,"Sep 28, 2024",3:30 PM,Sat,Louisiana,41,@,Wake Forest,38,
335,331,6,"Sep 28, 2024",7:45 PM,Sat,(14) Louisiana State,42,,South Alabama,10,
336,332,6,"Sep 28, 2024",7:00 PM,Sat,Louisiana-Monroe,13,@,Troy,9,
337,333,6,"Sep 28, 2024",3:30 PM,Sat,Marshall,27,,Western Michigan,20,
338,334,6,"Sep 28, 2024",7:30 PM,Sat,Memphis,24,,Middle Tennessee State,7,
339,335,6,"Sep 28, 2024",3:30 PM,Sat,Miami (OH),23,,Massachusetts,20,
340,336,6,"Sep 28, 2024",12:00 PM,Sat,(12) Michigan,27,,Minnesota,24,
341,337,6,"Sep 28, 2024",12:00 PM,Sat,Navy,41,@,Alabama-Birmingham,18,
342,338,6,"Sep 28, 2024",12:00 PM,Sat,Nebraska,28,@,Purdue,10,
343,339,6,"Sep 28, 2024",3:30 PM,Sat,Nevada-Las Vegas,59,,Fresno State,14,
344,340,6,"Sep 28, 2024",8:00 PM,Sat,New Mexico,50,@,New Mexico State,40,
345,341,6,"Sep 28, 2024",12:00 PM,Sat,North Carolina State,24,,Northern Illinois,17,
346,342,6,"Sep 28, 2024",7:00 PM,Sat,North Texas,52,,Tulsa,20,
347,343,6,"Sep 28, 2024",3:30 PM,Sat,(16) Notre Dame,31,,(15) Louisville,24,
348,344,6,"Sep 28, 2024",3:30 PM,Sat,Ohio,30,,Akron,10,
349,345,6,"Sep 28, 2024",7:00 PM,Sat,(3) Ohio State,38,@,Michigan State,7,
350,346,6,"Sep 28, 2024",3:40 PM,Sat,(21) Oklahoma,27,@,Auburn,21,
351,347,6,"Sep 28, 2024",5:00 PM,Sat,Old Dominion,30,@,Bowling Green,27,
352,348,6,"Sep 28, 2024",11:00 PM,Sat,(8) Oregon,34,@,UCLA,13,
353,349,6,"Sep 28, 2024",7:30 PM,Sat,(9) Penn State,21,,(19) Illinois,7,
354,350,6,"Sep 28, 2024",3:00 PM,Sat,Sam Houston,40,N,Texas State,39,
355,351,6,"Sep 28, 2024",3:30 PM,Sat,(13) Southern California,38,,Wisconsin,21,
356,352,6,"Sep 28, 2024",8:00 PM,Sat,Southern Methodist,42,,Florida State,16,
357,353,6,"Sep 28, 2024",12:00 PM,Sat,Syracuse,42,,Holy Cross,14,
358,354,6,"Sep 28, 2024",6:00 PM,Sat,Tennessee-Martin,24,@,Kennesaw State,13,
359,355,6,"Sep 28, 2024",4:15 PM,Sat,(1) Texas,35,,Mississippi State,13,
360,356,6,"Sep 28, 2024",3:30 PM,Sat,(24) Texas A&M,21,N,Arkansas,17,
361,357,6,"Sep 28, 2024",3:30 PM,Sat,Texas Christian,38,@,Kansas,27,
362,358,6,"Sep 28, 2024",8:00 PM,Sat,Texas Tech,44,,Cincinnati,41,
363,359,6,"Sep 28, 2024",12:00 PM,Sat,Tulane,45,,South Florida,10,
364,360,6,"Sep 28, 2024",8:00 PM,Sat,Wyoming,31,,Air Force,19,
365,Rk,Wk,Date,Time,Day,Winner,Pts,,Loser,Pts,Notes
366,361,7,"Oct 3, 2024",9:00 PM,Thu,Sam Houston,41,@,Texas-El Paso,21,
367,362,7,"Oct 3, 2024",7:00 PM,Thu,Texas State,38,@,Troy,17,
368,363,7,"Oct 4, 2024",7:30 PM,Fri,Houston,30,@,Texas Christian,19,
369,364,7,"Oct 4, 2024",7:00 PM,Fri,Jacksonville State,63,@,Kennesaw State,24,
370,365,7,"Oct 4, 2024",9:00 PM,Fri,(6) Oregon,31,,Michigan State,10,
371,366,7,"Oct 4, 2024",9:00 PM,Fri,Syracuse,44,@,(25) Nevada-Las Vegas,41,
372,367,7,"Oct 5, 2024",8:00 PM,Sat,Arizona State,35,,Kansas,31,
373,368,7,"Oct 5, 2024",7:30 PM,Sat,Arkansas,19,,(4) Tennessee,14,
374,369,7,"Oct 5, 2024",7:00 PM,Sat,Arkansas State,18,,South Alabama,16,
375,370,7,"Oct 5, 2024",12:00 PM,Sat,Army,49,@,Tulsa,7,
376,371,7,"Oct 5, 2024",7:00 PM,Sat,(21) Boise State,62,,Utah State,30,
377,372,7,"Oct 5, 2024",3:30 PM,Sat,Bowling Green,27,@,Akron,20,
378,373,7,"Oct 5, 2024",3:30 PM,Sat,Charlotte,55,,East Carolina,24,
379,374,7,"Oct 5, 2024",7:00 PM,Sat,(15) Clemson,29,@,Florida State,13,
380,375,7,"Oct 5, 2024",7:00 PM,Sat,Coastal Carolina,45,,Old Dominion,37,
381,376,7,"Oct 5, 2024",3:30 PM,Sat,Connecticut,29,,Temple,20,
382,377,7,"Oct 5, 2024",7:45 PM,Sat,Florida,24,,Central Florida,13,
383,378,7,"Oct 5, 2024",3:30 PM,Sat,(5) Georgia,31,,Auburn,13,
384,379,7,"Oct 5, 2024",8:00 PM,Sat,Georgia Tech,24,,Duke,14,
385,380,7,"Oct 5, 2024",3:30 PM,Sat,(23) Indiana,41,@,Northwestern,24,
386,381,7,"Oct 5, 2024",7:30 PM,Sat,(16) Iowa State,43,,Baylor,21,
387,382,7,"Oct 5, 2024",7:00 PM,Sat,Louisiana,23,@,Southern Mississippi,13,
388,383,7,"Oct 5, 2024",7:00 PM,Sat,Louisiana-Monroe,21,,James Madison,19,
389,384,7,"Oct 5, 2024",3:30 PM,Sat,Marshall,52,,Appalachian State,37,
390,385,7,"Oct 5, 2024",10:30 PM,Sat,(8) Miami (FL),39,@,California,38,
391,386,7,"Oct 5, 2024",7:30 PM,Sat,Minnesota,24,,(11) Southern California,17,
392,387,7,"Oct 5, 2024",3:30 PM,Sat,(12) Mississippi,27,@,South Carolina,3,
393,388,7,"Oct 5, 2024",12:00 PM,Sat,Navy,34,@,Air Force,7,
394,389,7,"Oct 5, 2024",4:00 PM,Sat,Nebraska,14,,Rutgers,7,
395,390,7,"Oct 5, 2024",12:00 PM,Sat,Northern Illinois,34,,Massachusetts,20,
396,391,7,"Oct 5, 2024",3:30 PM,Sat,(3) Ohio State,35,,Iowa,7,
397,392,7,"Oct 5, 2024",6:30 PM,Sat,Oregon State,39,,Colorado State,31,
398,393,7,"Oct 5, 2024",12:00 PM,Sat,(7) Penn State,27,,UCLA,11,
399,394,7,"Oct 5, 2024",12:00 PM,Sat,Pittsburgh,34,@,North Carolina,24,
400,395,7,"Oct 5, 2024",8:00 PM,Sat,San Diego State,27,,Hawaii,24,
401,396,7,"Oct 5, 2024",7:30 PM,Sat,San Jose State,35,,Nevada,31,
402,397,7,"Oct 5, 2024",12:00 PM,Sat,Southern Methodist,34,@,(22) Louisville,27,
403,398,7,"Oct 5, 2024",12:00 PM,Sat,(25) Texas A&M,41,,(9) Missouri,10,
404,399,7,"Oct 5, 2024",11:00 PM,Sat,Texas Tech,28,@,Arizona,22,
405,400,7,"Oct 5, 2024",3:30 PM,Sat,Toledo,30,,Miami (OH),20,
406,401,7,"Oct 5, 2024",1:00 PM,Sat,Tulane,71,@,Alabama-Birmingham,20,
407,402,7,"Oct 5, 2024",4:15 PM,Sat,Vanderbilt,40,,(1) Alabama,35,
408,403,7,"Oct 5, 2024",12:00 PM,Sat,Virginia,24,,Boston College,14,
409,404,7,"Oct 5, 2024",3:30 PM,Sat,Virginia Tech,31,@,Stanford,7,
410,405,7,"Oct 5, 2024",12:00 PM,Sat,Wake Forest,34,@,North Carolina State,30,
411,406,7,"Oct 5, 2024",7:30 PM,Sat,Washington,27,,(10) Michigan,17,
412,407,7,"Oct 5, 2024",4:00 PM,Sat,West Virginia,38,@,Oklahoma State,14,
413,408,7,"Oct 5, 2024",2:00 PM,Sat,Western Michigan,45,@,Ball State,42,
414,409,7,"Oct 5, 2024",12:00 PM,Sat,Wisconsin,52,,Purdue,6,
415,Rk,Wk,Date,Time,Day,Winner,Pts,,Loser,Pts,Notes
416,410,8,"Oct 8, 2024",7:00 PM,Tue,Liberty,31,,Florida International,24,
417,411,8,"Oct 9, 2024",7:30 PM,Wed,Jacksonville State,54,,New Mexico State,13,
418,412,8,"Oct 10, 2024",7:30 PM,Thu,James Madison,39,,Coastal Carolina,7,
419,413,8,"Oct 10, 2024",8:00 PM,Thu,Louisiana Tech,48,,Middle Tennessee State,21,
420,414,8,"Oct 10, 2024",8:00 PM,Thu,Western Kentucky,44,,Texas-El Paso,17,
421,415,8,"Oct 11, 2024",10:30 PM,Fri,Arizona State,27,,(16) Utah,19,
422,416,8,"Oct 11, 2024",9:00 PM,Fri,Nevada-Las Vegas,50,@,Utah State,34,
423,417,8,"Oct 11, 2024",8:00 PM,Fri,Northwestern,37,@,Maryland,10,
424,418,8,"Oct 12, 2024",12:00 PM,Sat,(7) Alabama,27,,South Carolina,25,
425,419,8,"Oct 12, 2024",12:00 PM,Sat,Army,44,,Alabama-Birmingham,10,
426,420,8,"Oct 12, 2024",12:00 PM,Sat,Ball State,37,@,Kent State,35,
427,421,8,"Oct 12, 2024",11:00 PM,Sat,(17) Boise State,28,@,Hawaii,7,
428,422,8,"Oct 12, 2024",4:00 PM,Sat,(14) Brigham Young,41,,Arizona,19,
429,423,8,"Oct 12, 2024",12:00 PM,Sat,Buffalo,30,,Toledo,15,
430,424,8,"Oct 12, 2024",3:30 PM,Sat,Cincinnati,19,@,Central Florida,13,
431,425,8,"Oct 12, 2024",12:00 PM,Sat,(10) Clemson,49,@,Wake Forest,14,
432,426,8,"Oct 12, 2024",3:30 PM,Sat,Colorado State,31,,San Jose State,24,
433,427,8,"Oct 12, 2024",4:15 PM,Sat,(5) Georgia,41,,Mississippi State,31,
434,428,8,"Oct 12, 2024",8:00 PM,Sat,Georgia Southern,24,,Marshall,23,
435,429,8,"Oct 12, 2024",12:00 PM,Sat,Georgia Tech,41,@,North Carolina,34,
436,430,8,"Oct 12, 2024",3:30 PM,Sat,(23) Illinois,50,,Purdue,49,
437,431,8,"Oct 12, 2024",12:00 PM,Sat,Iowa,40,,Washington,16,
438,432,8,"Oct 12, 2024",8:00 PM,Sat,(11) Iowa State,28,@,West Virginia,16,
439,433,8,"Oct 12, 2024",10:15 PM,Sat,(18) Kansas State,31,@,Colorado,28,
440,434,8,"Oct 12, 2024",7:30 PM,Sat,Louisiana,34,,Appalachian State,24,
441,435,8,"Oct 12, 2024",7:30 PM,Sat,(13) Louisiana State,29,,(9) Mississippi,26,
442,436,8,"Oct 12, 2024",5:00 PM,Sat,Louisiana-Monroe,38,,Southern Mississippi,21,
443,437,8,"Oct 12, 2024",3:30 PM,Sat,Louisville,24,@,Virginia,20,
444,438,8,"Oct 12, 2024",3:30 PM,Sat,Memphis,21,N,South Florida,3,
445,439,8,"Oct 12, 2024",2:00 PM,Sat,Miami (OH),38,@,Eastern Michigan,14,
446,440,8,"Oct 12, 2024",9:00 PM,Sat,Minnesota,21,@,UCLA,17,
447,441,8,"Oct 12, 2024",12:00 PM,Sat,(21) Missouri,45,@,Massachusetts,3,
448,442,8,"Oct 12, 2024",7:30 PM,Sat,Nevada,42,,Oregon State,37,
449,443,8,"Oct 12, 2024",7:00 PM,Sat,New Mexico,52,,Air Force,37,
450,444,8,"Oct 12, 2024",7:00 PM,Sat,North Texas,41,@,Florida Atlantic,37,
451,445,8,"Oct 12, 2024",3:30 PM,Sat,Northern Illinois,17,@,Bowling Green,7,
452,446,8,"Oct 12, 2024",3:30 PM,Sat,(11) Notre Dame,49,,Stanford,7,
453,447,8,"Oct 12, 2024",4:00 PM,Sat,Ohio,27,@,Central Michigan,25,
454,448,8,"Oct 12, 2024",3:30 PM,Sat,Old Dominion,21,@,Georgia State,14,
455,449,8,"Oct 12, 2024",7:30 PM,Sat,(3) Oregon,32,,(2) Ohio State,31,
456,450,8,"Oct 12, 2024",3:30 PM,Sat,(4) Penn State,33,@,Southern California,30,
457,451,8,"Oct 12, 2024",3:30 PM,Sat,(22) Pittsburgh,17,,California,15,
458,452,8,"Oct 12, 2024",7:00 PM,Sat,Rice,29,,Texas-San Antonio,27,
459,453,8,"Oct 12, 2024",3:30 PM,Sat,San Diego State,27,@,Wyoming,24,
460,454,8,"Oct 12, 2024",8:00 PM,Sat,Syracuse,24,@,North Carolina State,17,
461,455,8,"Oct 12, 2024",7:00 PM,Sat,(8) Tennessee,23,,Florida,17,
462,456,8,"Oct 12, 2024",3:30 PM,Sat,(1) Texas,34,N,(18) Oklahoma,3,
463,457,8,"Oct 12, 2024",7:00 PM,Sat,Texas State,41,,Arkansas State,9,
464,458,8,"Oct 12, 2024",7:45 PM,Sat,Vanderbilt,20,@,Kentucky,13,
465,459,8,"Oct 12, 2024",7:00 PM,Sat,Washington State,25,@,Fresno State,17,
466,460,8,"Oct 12, 2024",3:30 PM,Sat,Western Michigan,34,,Akron,24,
467,461,8,"Oct 12, 2024",12:00 PM,Sat,Wisconsin,42,@,Rutgers,7,
468,Rk,Wk,Date,Time,Day,Winner,Pts,,Loser,Pts,Notes
469,462,9,"Oct 15, 2024",8:00 PM,Tue,Middle Tennessee State,14,,Kennesaw State,5,
470,463,9,"Oct 15, 2024",9:00 PM,Tue,New Mexico State,33,,Louisiana Tech,30,
471,464,9,"Oct 15, 2024",7:30 PM,Tue,South Alabama,25,,Troy,9,
472,465,9,"Oct 16, 2024",9:00 PM,Wed,Texas-El Paso,30,,Florida International,21,
473,466,9,"Oct 16, 2024",7:00 PM,Wed,Western Kentucky,31,@,Sam Houston,14,
474,467,9,"Oct 17, 2024",7:00 PM,Thu,Marshall,35,,Georgia State,20,
475,468,9,"Oct 17, 2024",7:30 PM,Thu,Virginia Tech,42,,Boston College,21,
476,469,9,"Oct 18, 2024",10:15 PM,Fri,(13) Brigham Young,38,,Oklahoma State,35,
477,470,9,"Oct 18, 2024",7:00 PM,Fri,Duke,23,,Florida State,16,
478,471,9,"Oct 18, 2024",10:30 PM,Fri,Fresno State,24,@,Nevada,21,
479,472,9,"Oct 18, 2024",8:00 PM,Fri,(2) Oregon,35,@,Purdue,0,
480,473,9,"Oct 19, 2024",7:00 PM,Sat,Arkansas State,44,@,Southern Mississippi,28,
481,474,9,"Oct 19, 2024",12:00 PM,Sat,(23) Army,45,,East Carolina,28,
482,475,9,"Oct 19, 2024",4:00 PM,Sat,Baylor,59,@,Texas Tech,35,
483,476,9,"Oct 19, 2024",3:30 PM,Sat,Bowling Green,27,,Kent State,6,
484,477,9,"Oct 19, 2024",12:00 PM,Sat,Cincinnati,24,,Arizona State,14,
485,478,9,"Oct 19, 2024",12:00 PM,Sat,(10) Clemson,48,,Virginia,31,
486,479,9,"Oct 19, 2024",4:00 PM,Sat,Colorado,34,@,Arizona,7,
487,480,9,"Oct 19, 2024",8:00 PM,Sat,Colorado State,21,@,Air Force,13,
488,481,9,"Oct 19, 2024",2:00 PM,Sat,Eastern Michigan,38,,Central Michigan,34,
489,482,9,"Oct 19, 2024",7:45 PM,Sat,Florida,48,,Kentucky,20,
490,483,9,"Oct 19, 2024",7:30 PM,Sat,(5) Georgia,30,@,(1) Texas,15,
491,484,9,"Oct 19, 2024",4:00 PM,Sat,Georgia Southern,28,,James Madison,14,
492,485,9,"Oct 19, 2024",3:30 PM,Sat,(22) Illinois,21,,(24) Michigan,7,
493,486,9,"Oct 19, 2024",12:00 PM,Sat,(16) Indiana,56,,Nebraska,7,
494,487,9,"Oct 19, 2024",7:30 PM,Sat,(9) Iowa State,38,,Central Florida,35,
495,488,9,"Oct 19, 2024",3:30 PM,Sat,Kansas,42,,Houston,14,
496,489,9,"Oct 19, 2024",7:30 PM,Sat,(17) Kansas State,45,@,West Virginia,18,
497,490,9,"Oct 19, 2024",12:00 PM,Sat,Louisiana,34,@,Coastal Carolina,24,
498,491,9,"Oct 19, 2024",7:00 PM,Sat,(8) Louisiana State,34,@,Arkansas,10,
499,492,9,"Oct 19, 2024",4:00 PM,Sat,Maryland,29,,Southern California,28,
500,493,9,"Oct 19, 2024",7:30 PM,Sat,Memphis,52,,North Texas,44,
501,494,9,"Oct 19, 2024",12:00 PM,Sat,(6) Miami (FL),52,@,Louisville,45,
502,495,9,"Oct 19, 2024",3:30 PM,Sat,Miami (OH),30,,Ohio,20,
503,496,9,"Oct 19, 2024",7:30 PM,Sat,Michigan State,32,,Iowa,20,
504,497,9,"Oct 19, 2024",12:00 PM,Sat,(19) Missouri,21,,Auburn,17,
505,498,9,"Oct 19, 2024",3:30 PM,Sat,(25) Navy,51,,Charlotte,17,
506,499,9,"Oct 19, 2024",10:00 PM,Sat,Nevada-Las Vegas,33,@,Oregon State,25,
507,500,9,"Oct 19, 2024",4:00 PM,Sat,New Mexico,50,@,Utah State,45,
508,501,9,"Oct 19, 2024",3:30 PM,Sat,North Carolina State,24,@,California,23,
509,502,9,"Oct 19, 2024",3:30 PM,Sat,(12) Notre Dame,31,N,Georgia Tech,13,
510,503,9,"Oct 19, 2024",3:30 PM,Sat,Old Dominion,24,,Texas State,14,
511,504,9,"Oct 19, 2024",4:00 PM,Sat,San Jose State,24,,Wyoming,14,
512,505,9,"Oct 19, 2024",12:45 PM,Sat,South Carolina,35,@,Oklahoma,9,
513,506,9,"Oct 19, 2024",3:30 PM,Sat,South Florida,35,,Alabama-Birmingham,25,
514,507,9,"Oct 19, 2024",8:00 PM,Sat,(21) Southern Methodist,40,@,Stanford,10,
515,508,9,"Oct 19, 2024",2:00 PM,Sat,Temple,20,,Tulsa,10,
516,509,9,"Oct 19, 2024",3:30 PM,Sat,(11) Tennessee,24,,(7) Alabama,17,
517,510,9,"Oct 19, 2024",4:15 PM,Sat,(14) Texas A&M,34,@,Mississippi State,24,
518,511,9,"Oct 19, 2024",10:30 PM,Sat,Texas Christian,13,@,Utah,7,
519,512,9,"Oct 19, 2024",3:30 PM,Sat,Texas-San Antonio,38,,Florida Atlantic,24,
520,513,9,"Oct 19, 2024",3:30 PM,Sat,Toledo,13,@,Northern Illinois,6,
521,514,9,"Oct 19, 2024",3:30 PM,Sat,Tulane,24,,Rice,10,
522,515,9,"Oct 19, 2024",12:00 PM,Sat,UCLA,35,@,Rutgers,32,
523,516,9,"Oct 19, 2024",7:00 PM,Sat,Vanderbilt,24,,Ball State,14,
524,517,9,"Oct 19, 2024",12:00 PM,Sat,Wake Forest,23,@,Connecticut,20,
525,518,9,"Oct 19, 2024",3:30 PM,Sat,Washington State,42,,Hawaii,10,
526,519,9,"Oct 19, 2024",3:30 PM,Sat,Western Michigan,48,@,Buffalo,41,
527,520,9,"Oct 19, 2024",12:00 PM,Sat,Wisconsin,23,@,Northwestern,3,
528,Rk,Wk,Date,Time,Day,Winner,Pts,,Loser,Pts,Notes
529,521,10,"Oct 22, 2024",8:00 PM,Tue,Louisiana Tech,14,,Texas-El Paso,10,
530,522,10,"Oct 22, 2024",7:30 PM,Tue,Sam Houston,10,@,Florida International,7,
531,523,10,"Oct 23, 2024",7:30 PM,Wed,Jacksonville State,42,,Middle Tennessee State,20,
532,524,10,"Oct 23, 2024",7:00 PM,Wed,Kennesaw State,27,,Liberty,24,
533,525,10,"Oct 24, 2024",7:00 PM,Thu,Old Dominion,47,,Georgia Southern,19,
534,526,10,"Oct 24, 2024",7:30 PM,Thu,(19) Pittsburgh,41,,Syracuse,13,
535,527,10,"Oct 25, 2024",10:30 PM,Fri,(17) Boise State,29,@,Nevada-Las Vegas,24,
536,528,10,"Oct 25, 2024",7:30 PM,Fri,Louisville,31,@,Boston College,27,
537,529,10,"Oct 25, 2024",11:00 PM,Fri,Southern California,42,,Rutgers,20,
538,530,10,"Oct 26, 2024",3:30 PM,Sat,Akron,25,,Eastern Michigan,21,
539,531,10,"Oct 26, 2024",3:30 PM,Sat,(15) Alabama,34,,(21) Missouri,0,
540,532,10,"Oct 26, 2024",1:00 PM,Sat,Appalachian State,33,,Georgia State,26,
541,533,10,"Oct 26, 2024",12:45 PM,Sat,Arkansas,58,@,Mississippi State,25,
542,534,10,"Oct 26, 2024",7:00 PM,Sat,Arkansas State,34,,Troy,31,
543,535,10,"Oct 26, 2024",7:45 PM,Sat,Auburn,24,@,Kentucky,10,
544,536,10,"Oct 26, 2024",3:30 PM,Sat,Ball State,25,,Northern Illinois,23,
545,537,10,"Oct 26, 2024",3:30 PM,Sat,Baylor,38,,Oklahoma State,28,
546,538,10,"Oct 26, 2024",3:30 PM,Sat,Bowling Green,41,@,Toledo,26,
547,539,10,"Oct 26, 2024",3:30 PM,Sat,(11) Brigham Young,37,@,Central Florida,24,
548,540,10,"Oct 26, 2024",4:00 PM,Sat,California,44,,Oregon State,7,
549,541,10,"Oct 26, 2024",10:15 PM,Sat,Colorado,34,,Cincinnati,23,
550,542,10,"Oct 26, 2024",5:00 PM,Sat,Colorado State,17,,New Mexico,6,
551,543,10,"Oct 26, 2024",3:30 PM,Sat,Connecticut,17,,Rice,10,
552,544,10,"Oct 26, 2024",2:00 PM,Sat,East Carolina,56,,Temple,34,
553,545,10,"Oct 26, 2024",8:00 PM,Sat,Fresno State,33,,San Jose State,10,
554,546,10,"Oct 26, 2024",7:00 PM,Sat,Houston,17,,Utah,14,
555,547,10,"Oct 26, 2024",12:00 PM,Sat,(13) Indiana,31,,Washington,17,
556,548,10,"Oct 26, 2024",3:30 PM,Sat,Iowa,40,,Northwestern,14,
557,549,10,"Oct 26, 2024",3:30 PM,Sat,James Madison,32,,Southern Mississippi,15,
558,550,10,"Oct 26, 2024",8:00 PM,Sat,(16) Kansas State,29,,Kansas,27,
559,551,10,"Oct 26, 2024",3:30 PM,Sat,Massachusetts,35,,Wagner,7,
560,552,10,"Oct 26, 2024",12:00 PM,Sat,Memphis,33,,Charlotte,28,
561,553,10,"Oct 26, 2024",7:00 PM,Sat,(6) Miami (FL),36,,Florida State,14,
562,554,10,"Oct 26, 2024",2:00 PM,Sat,Miami (OH),46,,Central Michigan,7,
563,555,10,"Oct 26, 2024",7:30 PM,Sat,Michigan,24,,Michigan State,17,
564,556,10,"Oct 26, 2024",3:30 PM,Sat,Minnesota,48,,Maryland,23,
565,557,10,"Oct 26, 2024",12:00 PM,Sat,(18) Mississippi,26,,Oklahoma,14,
566,558,10,"Oct 26, 2024",12:00 PM,Sat,North Carolina,41,@,Virginia,14,
567,559,10,"Oct 26, 2024",12:00 PM,Sat,(12) Notre Dame,51,N,(24) Navy,14,
568,560,10,"Oct 26, 2024",12:00 PM,Sat,Ohio,47,,Buffalo,16,
569,561,10,"Oct 26, 2024",12:00 PM,Sat,(4) Ohio State,21,,Nebraska,17,
570,562,10,"Oct 26, 2024",3:30 PM,Sat,(1) Oregon,38,,(20) Illinois,9,
571,563,10,"Oct 26, 2024",7:30 PM,Sat,(3) Penn State,28,@,Wisconsin,13,
572,564,10,"Oct 26, 2024",5:00 PM,Sat,South Alabama,46,,Louisiana-Monroe,17,
573,565,10,"Oct 26, 2024",8:00 PM,Sat,(22) Southern Methodist,28,@,Duke,27,
574,566,10,"Oct 26, 2024",4:15 PM,Sat,(5) Texas,27,@,(25) Vanderbilt,24,
575,567,10,"Oct 26, 2024",7:30 PM,Sat,(14) Texas A&M,38,,(8) Louisiana State,23,
576,568,10,"Oct 26, 2024",3:30 PM,Sat,Texas Christian,35,,Texas Tech,34,
577,569,10,"Oct 26, 2024",12:00 PM,Sat,Tulane,45,@,North Texas,37,
578,570,10,"Oct 26, 2024",3:30 PM,Sat,Tulsa,46,,Texas-San Antonio,45,
579,571,10,"Oct 26, 2024",7:00 PM,Sat,Utah State,27,@,Wyoming,25,
580,572,10,"Oct 26, 2024",12:00 PM,Sat,Virginia Tech,21,,Georgia Tech,6,
581,573,10,"Oct 26, 2024",3:30 PM,Sat,Wake Forest,27,@,Stanford,24,
582,574,10,"Oct 26, 2024",10:30 PM,Sat,Washington State,29,@,San Diego State,26,
583,575,10,"Oct 26, 2024",7:00 PM,Sat,West Virginia,31,@,Arizona,26,
584,576,10,"Oct 26, 2024",3:30 PM,Sat,Western Michigan,52,,Kent State,21,
585,577,10,"Oct 27, 2024",12:00 AM,Sun,Hawaii,34,,Nevada,13,
586,Rk,Wk,Date,Time,Day,Winner,Pts,,Loser,Pts,Notes
587,578,11,"Oct 29, 2024",7:00 PM,Tue,Florida International,34,,New Mexico State,13,
588,579,11,"Oct 29, 2024",7:30 PM,Tue,Louisiana,23,@,Texas State,17,
589,580,11,"Oct 29, 2024",8:00 PM,Tue,Sam Houston,9,,Louisiana Tech,3,
590,581,11,"Oct 30, 2024",7:00 PM,Wed,Jacksonville State,31,@,Liberty,21,
591,582,11,"Oct 30, 2024",7:30 PM,Wed,Western Kentucky,31,,Kennesaw State,14,
592,583,11,"Oct 31, 2024",7:30 PM,Thu,Tulane,34,@,Charlotte,3,
593,584,11,"Nov 1, 2024",8:00 PM,Fri,(15) Boise State,56,,San Diego State,24,
594,585,11,"Nov 1, 2024",7:00 PM,Fri,Connecticut,34,,Georgia State,27,
595,586,11,"Nov 1, 2024",7:30 PM,Fri,South Florida,44,@,Florida Atlantic,21,
596,587,11,"Nov 2, 2024",2:30 PM,Sat,Alabama-Birmingham,59,,Tulsa,21,
597,588,11,"Nov 2, 2024",2:30 PM,Sat,Appalachian State,28,,Old Dominion,20,
598,589,11,"Nov 2, 2024",3:30 PM,Sat,Arizona State,42,@,Oklahoma State,21,
599,590,11,"Nov 2, 2024",12:00 PM,Sat,(21) Army,20,,Air Force,3,
600,591,11,"Nov 2, 2024",8:00 PM,Sat,Baylor,37,,Texas Christian,34,
601,592,11,"Nov 2, 2024",12:00 PM,Sat,Buffalo,41,@,Akron,30,
602,593,11,"Nov 2, 2024",3:30 PM,Sat,Central Florida,56,,Arizona,12,
603,594,11,"Nov 2, 2024",8:00 PM,Sat,Colorado State,38,@,Nevada,21,
604,595,11,"Nov 2, 2024",3:30 PM,Sat,(2) Georgia,34,N,Florida,20,
605,596,11,"Nov 2, 2024",7:30 PM,Sat,Georgia Southern,34,@,South Alabama,30,
606,597,11,"Nov 2, 2024",7:00 PM,Sat,Hawaii,21,@,Fresno State,20,
607,598,11,"Nov 2, 2024",3:30 PM,Sat,Houston,24,,(17) Kansas State,19,
608,599,11,"Nov 2, 2024",3:30 PM,Sat,(13) Indiana,47,@,Michigan State,10,
609,600,11,"Nov 2, 2024",7:30 PM,Sat,Iowa,42,,Wisconsin,10,
610,601,11,"Nov 2, 2024",7:30 PM,Sat,Louisville,33,@,(11) Clemson,21,
611,602,11,"Nov 2, 2024",3:30 PM,Sat,Marshall,28,,Louisiana-Monroe,23,
612,603,11,"Nov 2, 2024",12:00 PM,Sat,(5) Miami (FL),53,,Duke,31,
613,604,11,"Nov 2, 2024",3:30 PM,Sat,Middle Tennessee State,20,@,Texas-El Paso,13,
614,605,11,"Nov 2, 2024",12:00 PM,Sat,Minnesota,25,@,(24) Illinois,17,
615,606,11,"Nov 2, 2024",12:00 PM,Sat,(19) Mississippi,63,@,Arkansas,31,
616,607,11,"Nov 2, 2024",4:15 PM,Sat,Mississippi State,45,,Massachusetts,20,
617,608,11,"Nov 2, 2024",2:30 PM,Sat,North Carolina,35,@,Florida State,11,
618,609,11,"Nov 2, 2024",12:00 PM,Sat,North Carolina State,59,,Stanford,28,
619,610,11,"Nov 2, 2024",12:00 PM,Sat,Northwestern,26,@,Purdue,20,
620,611,11,"Nov 2, 2024",12:00 PM,Sat,(4) Ohio State,20,@,(3) Penn State,13,
621,612,11,"Nov 2, 2024",1:00 PM,Sat,Oklahoma,59,,Maine,14,
622,613,11,"Nov 2, 2024",3:30 PM,Sat,(1) Oregon,38,@,Michigan,17,
623,614,11,"Nov 2, 2024",4:00 PM,Sat,Rice,24,,Navy,10,
624,615,11,"Nov 2, 2024",7:30 PM,Sat,South Carolina,44,,(10) Texas A&M,20,
625,616,11,"Nov 2, 2024",8:00 PM,Sat,(20) Southern Methodist,48,,(18) Pittsburgh,25,
626,617,11,"Nov 2, 2024",12:00 PM,Sat,Syracuse,38,,Virginia Tech,31,
627,618,11,"Nov 2, 2024",7:45 PM,Sat,(7) Tennessee,28,,Kentucky,18,
628,619,11,"Nov 2, 2024",3:30 PM,Sat,Texas Tech,23,@,(11) Iowa State,22,
629,620,11,"Nov 2, 2024",12:00 PM,Sat,Texas-San Antonio,44,,Memphis,36,
630,621,11,"Nov 2, 2024",12:00 PM,Sat,Toledo,29,@,Eastern Michigan,28,
631,622,11,"Nov 2, 2024",4:00 PM,Sat,Troy,38,,Coastal Carolina,24,
632,623,11,"Nov 2, 2024",3:30 PM,Sat,UCLA,27,@,Nebraska,20,
633,624,11,"Nov 2, 2024",12:45 PM,Sat,Vanderbilt,17,@,Auburn,7,
634,625,11,"Nov 2, 2024",7:30 PM,Sat,Washington,26,,Southern California,21,
635,626,11,"Nov 2, 2024",4:00 PM,Sat,Wyoming,49,@,New Mexico,45,
636,Rk,Wk,Date,Time,Day,Winner,Pts,,Loser,Pts,Notes
637,627,12,"Nov 5, 2024",7:30 PM,Tue,Bowling Green,23,@,Central Michigan,13,
638,628,12,"Nov 5, 2024",8:00 PM,Tue,Miami (OH),27,@,Ball State,21,
639,629,12,"Nov 6, 2024",7:00 PM,Wed,Northern Illinois,42,@,Western Michigan,28,
640,630,12,"Nov 6, 2024",7:00 PM,Wed,Ohio,41,@,Kent State,0,
641,631,12,"Nov 7, 2024",8:00 PM,Thu,Coastal Carolina,38,,Appalachian State,24,
642,632,12,"Nov 7, 2024",8:00 PM,Thu,East Carolina,49,,Florida Atlantic,14,
643,633,12,"Nov 8, 2024",8:00 PM,Fri,California,46,@,Wake Forest,36,
644,634,12,"Nov 8, 2024",9:00 PM,Fri,Memphis,27,,Rice,20,
645,635,12,"Nov 8, 2024",10:30 PM,Fri,New Mexico,21,@,San Diego State,16,
646,636,12,"Nov 8, 2024",9:00 PM,Fri,UCLA,20,,Iowa,17,
647,637,12,"Nov 9, 2024",9:45 PM,Sat,Air Force,36,,Fresno State,28,
648,638,12,"Nov 9, 2024",7:30 PM,Sat,(11) Alabama,42,@,(14) Louisiana State,13,
649,639,12,"Nov 9, 2024",7:00 PM,Sat,Arizona State,35,,Central Florida,31,
650,640,12,"Nov 9, 2024",3:30 PM,Sat,(18) Army,14,@,North Texas,3,
651,641,12,"Nov 9, 2024",8:00 PM,Sat,(12) Boise State,28,,Nevada,21,
652,642,12,"Nov 9, 2024",12:00 PM,Sat,Boston College,37,,Syracuse,31,
653,643,12,"Nov 9, 2024",10:15 PM,Sat,(9) Brigham Young,22,@,Utah,21,
654,644,12,"Nov 9, 2024",3:30 PM,Sat,(19) Clemson,24,@,Virginia Tech,14,
655,645,12,"Nov 9, 2024",4:00 PM,Sat,(21) Colorado,41,@,Texas Tech,27,
656,646,12,"Nov 9, 2024",2:30 PM,Sat,Connecticut,31,@,Alabama-Birmingham,23,
657,647,12,"Nov 9, 2024",3:30 PM,Sat,Duke,29,@,North Carolina State,19,
658,648,12,"Nov 9, 2024",12:00 PM,Sat,Georgia Tech,28,,(4) Miami (FL),23,
659,649,12,"Nov 9, 2024",3:30 PM,Sat,(8) Indiana,20,,Michigan,15,
660,650,12,"Nov 9, 2024",4:30 PM,Sat,Jacksonville State,44,@,Louisiana Tech,37,
661,651,12,"Nov 9, 2024",3:30 PM,Sat,James Madison,38,,Georgia State,7,
662,652,12,"Nov 9, 2024",3:30 PM,Sat,Kansas,45,,(17) Iowa State,36,
663,653,12,"Nov 9, 2024",1:00 PM,Sat,Liberty,37,@,Middle Tennessee State,17,
664,654,12,"Nov 9, 2024",5:00 PM,Sat,Louisiana,55,,Arkansas State,19,
665,655,12,"Nov 9, 2024",3:00 PM,Sat,Marshall,37,@,Southern Mississippi,3,
666,656,12,"Nov 9, 2024",3:30 PM,Sat,(16) Mississippi,28,,(2) Georgia,10,
667,657,12,"Nov 9, 2024",7:45 PM,Sat,Missouri,30,,Oklahoma,23,
668,658,12,"Nov 9, 2024",12:00 PM,Sat,Navy,28,@,South Florida,7,
669,659,12,"Nov 9, 2024",9:00 PM,Sat,Nevada-Las Vegas,29,@,Hawaii,27,
670,660,12,"Nov 9, 2024",7:30 PM,Sat,(10) Notre Dame,52,,Florida State,3,
671,661,12,"Nov 9, 2024",12:00 PM,Sat,(3) Ohio State,45,,Purdue,0,
672,662,12,"Nov 9, 2024",7:00 PM,Sat,(1) Oregon,39,,Maryland,18,
673,663,12,"Nov 9, 2024",8:00 PM,Sat,(6) Penn State,35,,Washington,6,
674,664,12,"Nov 9, 2024",12:00 PM,Sat,Rutgers,26,,Minnesota,19,
675,665,12,"Nov 9, 2024",3:30 PM,Sat,San Jose State,24,@,Oregon State,13,
676,666,12,"Nov 9, 2024",4:15 PM,Sat,South Carolina,28,@,(24) Vanderbilt,7,
677,667,12,"Nov 9, 2024",7:00 PM,Sat,(7) Tennessee,33,,Mississippi State,14,
678,668,12,"Nov 9, 2024",12:00 PM,Sat,(5) Texas,49,,Florida,17,
679,669,12,"Nov 9, 2024",7:00 PM,Sat,Texas Christian,38,,Oklahoma State,13,
680,670,12,"Nov 9, 2024",12:00 PM,Sat,Texas State,38,@,Louisiana-Monroe,17,
681,671,12,"Nov 9, 2024",4:00 PM,Sat,Texas-El Paso,43,,Kennesaw State,35,
682,672,12,"Nov 9, 2024",4:00 PM,Sat,Tulane,52,,Temple,6,
683,673,12,"Nov 9, 2024",8:00 PM,Sat,Virginia,24,@,(23) Pittsburgh,19,
684,674,12,"Nov 9, 2024",10:30 PM,Sat,(20) Washington State,49,,Utah State,28,
685,675,12,"Nov 9, 2024",12:00 PM,Sat,West Virginia,31,@,Cincinnati,24,
686,676,12,"Nov 9, 2024",6:00 PM,Sat,Western Kentucky,41,@,New Mexico State,28,
687,Rk,Wk,Date,Time,Day,Winner,Pts,,Loser,Pts,Notes
688,677,13,"Nov 12, 2024",7:00 PM,Tue,Bowling Green,31,,Western Michigan,13,
689,678,13,"Nov 12, 2024",7:00 PM,Tue,Buffalo,51,,Ball State,48,
690,679,13,"Nov 12, 2024",7:00 PM,Tue,Toledo,37,,Central Michigan,10,
691,680,13,"Nov 13, 2024",7:00 PM,Wed,Miami (OH),34,,Kent State,7,
692,681,13,"Nov 13, 2024",7:00 PM,Wed,Northern Illinois,29,,Akron,16,
693,682,13,"Nov 13, 2024",7:00 PM,Wed,Ohio,35,,Eastern Michigan,10,
694,683,13,"Nov 14, 2024",7:30 PM,Thu,East Carolina,38,@,Tulsa,31,
695,684,13,"Nov 15, 2024",10:15 PM,Fri,Arizona,27,,Houston,3,
696,685,13,"Nov 15, 2024",8:00 PM,Fri,Colorado State,24,,Wyoming,10,
697,686,13,"Nov 15, 2024",9:00 PM,Fri,Texas-San Antonio,48,,North Texas,27,
698,687,13,"Nov 15, 2024",9:00 PM,Fri,Washington,31,,UCLA,19,
699,688,13,"Nov 16, 2024",3:30 PM,Sat,Air Force,28,,Oregon State,0,
700,689,13,"Nov 16, 2024",2:00 PM,Sat,(9) Alabama,52,,Mercer,7,
701,690,13,"Nov 16, 2024",7:00 PM,Sat,Arizona State,24,@,(20) Kansas State,14,
702,691,13,"Nov 16, 2024",5:00 PM,Sat,Arkansas State,27,@,Georgia State,20,
703,692,13,"Nov 16, 2024",12:45 PM,Sat,Auburn,48,,Louisiana-Monroe,14,
704,693,13,"Nov 16, 2024",4:00 PM,Sat,Baylor,49,@,West Virginia,35,
705,694,13,"Nov 16, 2024",7:00 PM,Sat,(13) Boise State,42,@,San Jose State,21,
706,695,13,"Nov 16, 2024",12:00 PM,Sat,(17) Clemson,24,@,Pittsburgh,20,
707,696,13,"Nov 16, 2024",12:00 PM,Sat,(18) Colorado,49,,Utah,24,
708,697,13,"Nov 16, 2024",3:30 PM,Sat,Florida,27,,(21) Louisiana State,16,
709,698,13,"Nov 16, 2024",7:30 PM,Sat,(11) Georgia,31,,(6) Tennessee,17,
710,699,13,"Nov 16, 2024",2:30 PM,Sat,Illinois,38,,Michigan State,16,
711,700,13,"Nov 16, 2024",8:00 PM,Sat,Iowa State,34,,Cincinnati,17,
712,701,13,"Nov 16, 2024",2:00 PM,Sat,Jacksonville State,34,,Florida International,31,
713,702,13,"Nov 16, 2024",4:00 PM,Sat,James Madison,35,@,Old Dominion,32,
714,703,13,"Nov 16, 2024",10:15 PM,Sat,Kansas,17,@,(7) Brigham Young,13,
715,704,13,"Nov 16, 2024",1:30 PM,Sat,Kentucky,48,,Murray State,6,
716,705,13,"Nov 16, 2024",12:00 PM,Sat,Liberty,35,@,Massachusetts,34,
717,706,13,"Nov 16, 2024",12:00 PM,Sat,Louisiana Tech,12,@,Western Kentucky,7,
718,707,13,"Nov 16, 2024",1:00 PM,Sat,Marshall,31,,Coastal Carolina,19,
719,708,13,"Nov 16, 2024",8:00 PM,Sat,Memphis,53,,Alabama-Birmingham,18,
720,709,13,"Nov 16, 2024",10:30 PM,Sat,Nevada-Las Vegas,41,,San Diego State,20,
721,710,13,"Nov 16, 2024",9:30 PM,Sat,New Mexico,38,,(19) Washington State,35,
722,711,13,"Nov 16, 2024",8:00 PM,Sat,North Carolina,31,,Wake Forest,24,
723,712,13,"Nov 16, 2024",3:30 PM,Sat,(8) Notre Dame,35,,Virginia,14,
724,713,13,"Nov 16, 2024",12:00 PM,Sat,(2) Ohio State,31,@,Northwestern,7,
725,714,13,"Nov 16, 2024",7:30 PM,Sat,(1) Oregon,16,@,Wisconsin,13,
726,715,13,"Nov 16, 2024",3:30 PM,Sat,(4) Penn State,49,@,Purdue,10,
727,716,13,"Nov 16, 2024",6:00 PM,Sat,Rutgers,31,@,Maryland,17,
728,717,13,"Nov 16, 2024",3:00 PM,Sat,Sam Houston,23,@,Kennesaw State,17,
729,718,13,"Nov 16, 2024",7:00 PM,Sat,South Alabama,24,@,Louisiana,22,
730,719,13,"Nov 16, 2024",4:15 PM,Sat,(23) South Carolina,34,,(24) Missouri,30,
731,720,13,"Nov 16, 2024",3:30 PM,Sat,South Florida,59,@,Charlotte,24,
732,721,13,"Nov 16, 2024",7:00 PM,Sat,Southern California,28,,Nebraska,20,
733,722,13,"Nov 16, 2024",3:30 PM,Sat,(14) Southern Methodist,38,,Boston College,28,
734,723,13,"Nov 16, 2024",3:30 PM,Sat,Stanford,38,,(22) Louisville,35,
735,724,13,"Nov 16, 2024",3:00 PM,Sat,Syracuse,33,@,California,25,
736,725,13,"Nov 16, 2024",2:00 PM,Sat,Temple,18,,Florida Atlantic,15,
737,726,13,"Nov 16, 2024",12:00 PM,Sat,(3) Texas,20,@,Arkansas,10,
738,727,13,"Nov 16, 2024",7:45 PM,Sat,(15) Texas A&M,38,,New Mexico State,3,
739,728,13,"Nov 16, 2024",7:00 PM,Sat,Texas State,58,,Southern Mississippi,3,
740,729,13,"Nov 16, 2024",4:00 PM,Sat,Troy,28,@,Georgia Southern,20,
741,730,13,"Nov 16, 2024",12:00 PM,Sat,(25) Tulane,35,@,Navy,0,
742,731,13,"Nov 16, 2024",3:00 PM,Sat,Utah State,55,,Hawaii,10,
743,Rk,Wk,Date,Time,Day,Winner,Pts,,Loser,Pts,Notes
744,732,14,"Nov 19, 2024",7:00 PM,Tue,Akron,38,@,Kent State,17,
745,733,14,"Nov 19, 2024",7:30 PM,Tue,Central Michigan,16,,Western Michigan,14,
746,734,14,"Nov 19, 2024",8:00 PM,Tue,Miami (OH),20,,Northern Illinois,9,
747,735,14,"Nov 20, 2024",7:00 PM,Wed,Buffalo,37,@,Eastern Michigan,20,
748,736,14,"Nov 20, 2024",7:00 PM,Wed,Ohio,24,@,Toledo,7,
749,737,14,"Nov 21, 2024",7:30 PM,Thu,Georgia Tech,30,,North Carolina State,29,
750,738,14,"Nov 22, 2024",8:00 PM,Fri,Michigan State,24,,Purdue,17,
751,739,14,"Nov 22, 2024",10:00 PM,Fri,(23) Nevada-Las Vegas,27,@,San Jose State,16,
752,740,14,"Nov 22, 2024",7:00 PM,Fri,Texas-San Antonio,51,,Temple,27,
753,741,14,"Nov 23, 2024",10:30 PM,Sat,Air Force,22,@,Nevada,19,
754,742,14,"Nov 23, 2024",2:00 PM,Sat,Alabama-Birmingham,40,,Rice,14,
755,743,14,"Nov 23, 2024",2:30 PM,Sat,Appalachian State,34,,James Madison,20,
756,744,14,"Nov 23, 2024",3:30 PM,Sat,(21) Arizona State,28,,(14) Brigham Young,23,
757,745,14,"Nov 23, 2024",4:00 PM,Sat,Arkansas,35,,Louisiana Tech,14,
758,746,14,"Nov 23, 2024",3:00 PM,Sat,Arkansas State,28,,Louisiana-Monroe,21,
759,747,14,"Nov 23, 2024",8:30 PM,Sat,Auburn,43,,(15) Texas A&M,41,
760,748,14,"Nov 23, 2024",7:00 PM,Sat,Baylor,20,@,Houston,10,
761,749,14,"Nov 23, 2024",7:00 PM,Sat,(12) Boise State,17,@,Wyoming,13,
762,750,14,"Nov 23, 2024",12:00 PM,Sat,Boston College,41,,North Carolina,21,
763,751,14,"Nov 23, 2024",2:00 PM,Sat,Bowling Green,38,@,Ball State,13,
764,752,14,"Nov 23, 2024",3:30 PM,Sat,California,24,,Stanford,21,
765,753,14,"Nov 23, 2024",3:00 PM,Sat,Charlotte,39,@,Florida Atlantic,27,
766,754,14,"Nov 23, 2024",3:30 PM,Sat,(17) Clemson,51,,Citadel,14,
767,755,14,"Nov 23, 2024",8:00 PM,Sat,Duke,31,,Virginia Tech,28,
768,756,14,"Nov 23, 2024",3:30 PM,Sat,East Carolina,40,@,North Texas,28,
769,757,14,"Nov 23, 2024",12:00 PM,Sat,Florida,24,,(9) Mississippi,17,
770,758,14,"Nov 23, 2024",1:30 PM,Sat,Florida State,41,,Charleston Southern,7,
771,759,14,"Nov 23, 2024",10:30 PM,Sat,Fresno State,28,,Colorado State,22,
772,760,14,"Nov 23, 2024",12:45 PM,Sat,(8) Georgia,59,,Massachusetts,21,
773,761,14,"Nov 23, 2024",3:30 PM,Sat,Georgia Southern,26,@,Coastal Carolina,6,
774,762,14,"Nov 23, 2024",7:00 PM,Sat,Georgia State,52,@,Texas State,44,
775,763,14,"Nov 23, 2024",12:00 PM,Sat,(24) Illinois,38,@,Rutgers,31,
776,764,14,"Nov 23, 2024",12:00 PM,Sat,Iowa,29,@,Maryland,13,
777,765,14,"Nov 23, 2024",7:30 PM,Sat,(22) Iowa State,31,@,Utah,28,
778,766,14,"Nov 23, 2024",12:00 PM,Sat,Jacksonville State,21,,Sam Houston,11,
779,767,14,"Nov 23, 2024",3:30 PM,Sat,Kansas,37,,(16) Colorado,21,
780,768,14,"Nov 23, 2024",8:00 PM,Sat,Kansas State,41,,Cincinnati,15,
781,769,14,"Nov 23, 2024",3:00 PM,Sat,Kennesaw State,27,,Florida International,26,
782,770,14,"Nov 23, 2024",1:00 PM,Sat,Liberty,38,,Western Kentucky,21,
783,771,14,"Nov 23, 2024",5:00 PM,Sat,Louisiana,51,,Troy,30,
784,772,14,"Nov 23, 2024",7:45 PM,Sat,Louisiana State,24,,Vanderbilt,17,
785,773,14,"Nov 23, 2024",4:00 PM,Sat,Louisville,37,,Pittsburgh,9,
786,774,14,"Nov 23, 2024",7:30 PM,Sat,Marshall,42,@,Old Dominion,35,
787,775,14,"Nov 23, 2024",12:00 PM,Sat,(11) Miami (FL),42,,Wake Forest,14,
788,776,14,"Nov 23, 2024",3:30 PM,Sat,Michigan,50,,Northwestern,6,
789,777,14,"Nov 23, 2024",4:15 PM,Sat,Missouri,39,@,Mississippi State,20,
790,778,14,"Nov 23, 2024",3:30 PM,Sat,Nebraska,44,,Wisconsin,25,
791,779,14,"Nov 23, 2024",2:30 PM,Sat,New Mexico State,36,@,Middle Tennessee State,21,
792,780,14,"Nov 23, 2024",7:00 PM,Sat,(6) Notre Dame,49,N,(18) Army,14,
793,781,14,"Nov 23, 2024",12:00 PM,Sat,(2) Ohio State,38,,(5) Indiana,15,
794,782,14,"Nov 23, 2024",7:30 PM,Sat,Oklahoma,24,,(7) Alabama,3,
795,783,14,"Nov 23, 2024",6:30 PM,Sat,Oregon State,41,,(25) Washington State,38,
796,784,14,"Nov 23, 2024",3:30 PM,Sat,(4) Penn State,26,@,Minnesota,25,
797,785,14,"Nov 23, 2024",3:00 PM,Sat,South Alabama,35,@,Southern Mississippi,14,
798,786,14,"Nov 23, 2024",4:00 PM,Sat,(19) South Carolina,56,,Wofford,12,
799,787,14,"Nov 23, 2024",3:30 PM,Sat,South Florida,63,,Tulsa,30,
800,788,14,"Nov 23, 2024",10:30 PM,Sat,Southern California,19,@,UCLA,13,
801,789,14,"Nov 23, 2024",12:00 PM,Sat,(13) Southern Methodist,33,@,Virginia,7,
802,790,14,"Nov 23, 2024",12:00 PM,Sat,Syracuse,31,,Connecticut,24,
803,791,14,"Nov 23, 2024",1:00 PM,Sat,(10) Tennessee,56,,Texas-El Paso,0,
804,792,14,"Nov 23, 2024",3:30 PM,Sat,(3) Texas,31,,Kentucky,14,
805,793,14,"Nov 23, 2024",3:00 PM,Sat,Texas Christian,49,,Arizona,28,
806,794,14,"Nov 23, 2024",3:30 PM,Sat,Texas Tech,56,@,Oklahoma State,48,
807,795,14,"Nov 23, 2024",3:30 PM,Sat,Utah State,41,,San Diego State,20,
808,796,14,"Nov 23, 2024",3:30 PM,Sat,West Virginia,31,,Central Florida,21,
809,Rk,Wk,Date,Time,Day,Winner,Pts,,Loser,Pts,Notes
810,797,15,"Nov 26, 2024",7:00 PM,Tue,Akron,21,,Toledo,14,
811,798,15,"Nov 26, 2024",7:00 PM,Tue,Buffalo,43,,Kent State,7,
812,799,15,"Nov 28, 2024",7:30 PM,Thu,Memphis,34,@,(18) Tulane,24,
813,800,15,"Nov 29, 2024",12:00 PM,Fri,(11) Boise State,34,,Oregon State,18,
814,801,15,"Nov 29, 2024",12:00 PM,Fri,(23) Colorado,52,,Oklahoma State,0,
815,802,15,"Nov 29, 2024",3:30 PM,Fri,Colorado State,42,,Utah State,37,
816,803,15,"Nov 29, 2024",7:30 PM,Fri,(6) Georgia,44,,Georgia Tech,42,
817,804,15,"Nov 29, 2024",7:30 PM,Fri,Iowa,13,,Nebraska,10,
818,805,15,"Nov 29, 2024",12:00 PM,Fri,Miami (OH),28,@,Bowling Green,12,
819,806,15,"Nov 29, 2024",12:00 PM,Fri,Minnesota,24,@,Wisconsin,7,
820,807,15,"Nov 29, 2024",3:30 PM,Fri,(15) Mississippi,26,,Mississippi State,14,
821,808,15,"Nov 29, 2024",12:00 PM,Fri,Navy,34,@,East Carolina,20,
822,809,15,"Nov 29, 2024",12:00 PM,Fri,Ohio,42,,Ball State,21,
823,810,15,"Nov 29, 2024",3:30 PM,Fri,Sam Houston,20,,Liberty,18,
824,811,15,"Nov 29, 2024",4:00 PM,Fri,San Jose State,34,,Stanford,31,
825,812,15,"Nov 29, 2024",3:30 PM,Fri,Texas State,45,@,South Alabama,38,
826,813,15,"Nov 29, 2024",8:00 PM,Fri,Utah,28,@,Central Florida,14,
827,814,15,"Nov 30, 2024",10:30 PM,Sat,Air Force,31,@,San Diego State,20,
828,815,15,"Nov 30, 2024",3:30 PM,Sat,(13) Alabama,28,,Auburn,14,
829,816,15,"Nov 30, 2024",3:30 PM,Sat,(14) Arizona State,49,@,Arizona,7,
830,817,15,"Nov 30, 2024",12:00 PM,Sat,(25) Army,29,,Texas-San Antonio,24,
831,818,15,"Nov 30, 2024",12:00 PM,Sat,Baylor,45,,Kansas,17,
832,819,15,"Nov 30, 2024",3:00 PM,Sat,Boston College,34,,Pittsburgh,23,
833,820,15,"Nov 30, 2024",10:15 PM,Sat,(19) Brigham Young,30,,Houston,18,
834,821,15,"Nov 30, 2024",3:30 PM,Sat,Charlotte,29,,Alabama-Birmingham,27,
835,822,15,"Nov 30, 2024",2:00 PM,Sat,Coastal Carolina,48,@,Georgia State,27,
836,823,15,"Nov 30, 2024",12:00 PM,Sat,Connecticut,47,@,Massachusetts,42,
837,824,15,"Nov 30, 2024",12:00 PM,Sat,Duke,23,@,Wake Forest,17,
838,825,15,"Nov 30, 2024",7:00 PM,Sat,Florida,31,@,Florida State,11,
839,826,15,"Nov 30, 2024",3:30 PM,Sat,Florida Atlantic,63,@,Tulsa,16,
840,827,15,"Nov 30, 2024",2:00 PM,Sat,Florida International,35,,Middle Tennessee State,24,
841,828,15,"Nov 30, 2024",6:00 PM,Sat,Georgia Southern,29,,Appalachian State,20,
842,829,15,"Nov 30, 2024",11:00 PM,Sat,Hawaii,38,,New Mexico,30,
843,830,15,"Nov 30, 2024",12:00 PM,Sat,(22) Illinois,38,@,Northwestern,28,
844,831,15,"Nov 30, 2024",7:00 PM,Sat,(10) Indiana,66,,Purdue,0,
845,832,15,"Nov 30, 2024",7:30 PM,Sat,(17) Iowa State,29,,Kansas State,21,
846,833,15,"Nov 30, 2024",12:00 PM,Sat,Louisiana,37,@,Louisiana-Monroe,23,
847,834,15,"Nov 30, 2024",7:00 PM,Sat,Louisiana State,37,,Oklahoma,17,
848,835,15,"Nov 30, 2024",3:00 PM,Sat,Louisiana Tech,33,,Kennesaw State,0,
849,836,15,"Nov 30, 2024",12:00 PM,Sat,Louisville,41,@,Kentucky,14,
850,837,15,"Nov 30, 2024",8:00 PM,Sat,Marshall,35,@,James Madison,33,
851,838,15,"Nov 30, 2024",12:00 PM,Sat,Michigan,13,@,(2) Ohio State,10,
852,839,15,"Nov 30, 2024",3:30 PM,Sat,(24) Missouri,28,,Arkansas,21,
853,840,15,"Nov 30, 2024",8:00 PM,Sat,(21) Nevada-Las Vegas,38,,Nevada,14,
854,841,15,"Nov 30, 2024",3:30 PM,Sat,North Carolina State,35,@,North Carolina,30,
855,842,15,"Nov 30, 2024",12:00 PM,Sat,North Texas,24,@,Temple,17,
856,843,15,"Nov 30, 2024",3:30 PM,Sat,Northern Illinois,24,,Central Michigan,16,
857,844,15,"Nov 30, 2024",3:30 PM,Sat,(5) Notre Dame,49,@,Southern California,35,
858,845,15,"Nov 30, 2024",3:00 PM,Sat,Old Dominion,40,@,Arkansas State,32,
859,846,15,"Nov 30, 2024",7:30 PM,Sat,(1) Oregon,49,,Washington,21,
860,847,15,"Nov 30, 2024",3:30 PM,Sat,(4) Penn State,44,,Maryland,7,
861,848,15,"Nov 30, 2024",2:00 PM,Sat,Rice,35,,South Florida,28,
862,849,15,"Nov 30, 2024",3:30 PM,Sat,Rutgers,41,@,Michigan State,14,
863,850,15,"Nov 30, 2024",12:00 PM,Sat,(16) South Carolina,17,@,(12) Clemson,14,
864,851,15,"Nov 30, 2024",3:30 PM,Sat,(9) Southern Methodist,38,,California,6,
865,852,15,"Nov 30, 2024",3:30 PM,Sat,Syracuse,42,,(8) Miami (FL),38,
866,853,15,"Nov 30, 2024",12:00 PM,Sat,(7) Tennessee,36,@,Vanderbilt,23,
867,854,15,"Nov 30, 2024",7:30 PM,Sat,(3) Texas,17,@,(20) Texas A&M,7,
868,855,15,"Nov 30, 2024",6:00 PM,Sat,Texas Christian,20,@,Cincinnati,13,
869,856,15,"Nov 30, 2024",12:00 PM,Sat,Texas Tech,52,,West Virginia,15,
870,857,15,"Nov 30, 2024",4:00 PM,Sat,Texas-El Paso,42,@,New Mexico State,35,
871,858,15,"Nov 30, 2024",2:00 PM,Sat,Troy,52,,Southern Mississippi,20,
872,859,15,"Nov 30, 2024",3:30 PM,Sat,UCLA,20,,Fresno State,13,
873,860,15,"Nov 30, 2024",8:00 PM,Sat,Virginia Tech,37,,Virginia,17,
874,861,15,"Nov 30, 2024",3:30 PM,Sat,Western Kentucky,19,,Jacksonville State,17,
875,862,15,"Nov 30, 2024",1:30 PM,Sat,Western Michigan,26,,Eastern Michigan,18,
876,863,15,"Nov 30, 2024",6:30 PM,Sat,Wyoming,15,@,Washington State,14,
877,Rk,Wk,Date,Time,Day,Winner,Pts,,Loser,Pts,Notes
878,864,16,"Dec 6, 2024",8:00 PM,Fri,(24) Army,35,,Tulane,14,
879,865,16,"Dec 6, 2024",8:00 PM,Fri,(10) Boise State,21,,(19) Nevada-Las Vegas,7,
880,866,16,"Dec 6, 2024",7:00 PM,Fri,Jacksonville State,52,,Western Kentucky,12,
881,867,16,"Dec 7, 2024",12:00 PM,Sat,(12) Arizona State,45,N,(16) Iowa State,19,
882,868,16,"Dec 7, 2024",8:00 PM,Sat,(18) Clemson,34,N,(8) Southern Methodist,31,
883,869,16,"Dec 7, 2024",4:00 PM,Sat,(5) Georgia,22,N,(2) Texas,19,
884,870,16,"Dec 7, 2024",7:30 PM,Sat,Marshall,31,@,Louisiana,3,
885,871,16,"Dec 7, 2024",12:00 PM,Sat,Ohio,38,N,Miami (OH),3,
886,872,16,"Dec 7, 2024",8:00 PM,Sat,(1) Oregon,45,N,(3) Penn State,37,
887,Rk,Wk,Date,Time,Day,Winner,Pts,,Loser,Pts,Notes
888,873,17,"Dec 14, 2024",3:00 PM,Sat,Navy,31,N,(19) Army,13,
889,874,17,"Dec 14, 2024",9:00 PM,Sat,South Alabama,30,N,Western Michigan,23,
890,Rk,Wk,Date,Time,Day,Winner,Pts,,Loser,Pts,Notes
891,875,18,"Dec 17, 2024",9:00 PM,Tue,(25) Memphis,42,N,West Virginia,37,
892,876,18,"Dec 18, 2024",5:30 PM,Wed,James Madison,27,N,Western Kentucky,17,
893,877,18,"Dec 18, 2024",9:00 PM,Wed,(24) Nevada-Las Vegas,24,N,California,13,
894,878,18,"Dec 19, 2024",7:00 PM,Thu,Sam Houston,31,N,Georgia Southern,26,
895,879,18,"Dec 20, 2024",3:30 PM,Fri,Florida,33,N,Tulane,8,
896,880,18,"Dec 20, 2024",8:00 PM,Fri,(3) Notre Dame,27,,(9) Indiana,17,College Football Playoff - First Round
897,881,18,"Dec 20, 2024",12:00 PM,Fri,Ohio,30,N,Jacksonville State,27,
898,882,18,"Dec 21, 2024",8:00 PM,Sat,(6) Ohio State,42,,(7) Tennessee,17,College Football Playoff - First Round
899,883,18,"Dec 21, 2024",12:00 PM,Sat,(5) Penn State,38,,(12) Southern Methodist,10,College Football Playoff - First Round
900,884,18,"Dec 21, 2024",4:00 PM,Sat,(4) Texas,38,,(13) Clemson,24,College Football Playoff - First Round
901,885,18,"Dec 23, 2024",2:30 PM,Mon,Northern Illinois,28,N,Fresno State,20,
902,886,18,"Dec 23, 2024",11:00 AM,Mon,Texas-San Antonio,44,@,Coastal Carolina,15,
903,Rk,Wk,Date,Time,Day,Winner,Pts,,Loser,Pts,Notes
904,887,19,"Dec 24, 2024",8:00 PM,Tue,South Florida,41,N,San Jose State,39,
905,888,19,"Dec 26, 2024",9:00 PM,Thu,Arkansas State,38,N,Bowling Green,31,
906,889,19,"Dec 26, 2024",5:30 PM,Thu,Kansas State,44,N,Rutgers,41,
907,890,19,"Dec 26, 2024",2:00 PM,Thu,Toledo,48,N,Pittsburgh,46,
908,891,19,"Dec 27, 2024",7:00 PM,Fri,Arkansas,39,N,Texas Tech,26,
909,892,19,"Dec 27, 2024",12:00 PM,Fri,Navy,21,N,Oklahoma,20,
910,893,19,"Dec 27, 2024",10:30 PM,Fri,Southern California,35,N,Texas A&M,31,
911,894,19,"Dec 27, 2024",8:00 PM,Fri,(22) Syracuse,52,N,Washington State,35,
912,895,19,"Dec 27, 2024",3:30 PM,Fri,Vanderbilt,35,N,Georgia Tech,27,
913,896,19,"Dec 28, 2024",9:15 PM,Sat,(19) Army,27,N,Louisiana Tech,6,
914,897,19,"Dec 28, 2024",7:30 PM,Sat,(17) Brigham Young,36,N,(20) Colorado,14,
915,898,19,"Dec 28, 2024",11:00 AM,Sat,Connecticut,27,N,North Carolina,14,
916,899,19,"Dec 28, 2024",5:45 PM,Sat,East Carolina,26,N,North Carolina State,21,
917,900,19,"Dec 28, 2024",3:30 PM,Sat,(18) Iowa State,42,N,(15) Miami (FL),41,
918,901,19,"Dec 28, 2024",4:30 PM,Sat,Miami (OH),43,N,Colorado State,17,
919,902,19,"Dec 28, 2024",12:00 PM,Sat,Nebraska,20,N,Boston College,15,
920,903,19,"Dec 28, 2024",2:15 PM,Sat,Texas Christian,34,N,Louisiana,3,
921,Rk,Wk,Date,Time,Day,Winner,Pts,,Loser,Pts,Notes
922,904,20,"Dec 30, 2024",2:30 PM,Mon,(23) Missouri,27,N,Iowa,24,
923,Rk,Wk,Date,Time,Day,Winner,Pts,,Loser,Pts,Notes
924,905,21,"Dec 31, 2024",3:00 PM,Tue,(21) Illinois,21,N,(14) South Carolina,17,
925,906,21,"Dec 31, 2024",3:30 PM,Tue,Louisiana State,44,N,Baylor,31,
926,907,21,"Dec 31, 2024",2:00 PM,Tue,Louisville,35,N,Washington,34,
927,908,21,"Dec 31, 2024",12:00 PM,Tue,Michigan,19,N,(11) Alabama,13,
928,909,21,"Dec 31, 2024",7:30 PM,Tue,(5) Penn State,31,N,(8) Boise State,14,Fiesta Bowl
929,910,21,"Jan 1, 2025",5:00 PM,Wed,(6) Ohio State,41,N,(1) Oregon,21,Rose Bowl
930,911,21,"Jan 1, 2025",1:00 PM,Wed,(4) Texas,39,N,(10) Arizona State,31,Peach Bowl
931,912,21,"Jan 2, 2025",8:00 PM,Thu,(16) Mississippi,52,N,Duke,20,
932,913,21,"Jan 2, 2025",4:00 PM,Thu,(3) Notre Dame,23,N,(2) Georgia,10,Sugar Bowl
933,914,21,"Jan 3, 2025",7:30 PM,Fri,Minnesota,24,N,Virginia Tech,10,
934,915,21,"Jan 3, 2025",4:00 PM,Fri,Texas State,30,N,North Texas,28,
935,916,21,"Jan 4, 2025",11:00 AM,Sat,Buffalo,26,N,Liberty,7,
936,Rk,Wk,Date,Time,Day,Winner,Pts,,Loser,Pts,Notes
937,917,22,"Jan 9, 2025",7:30 PM,Thu,(3) Notre Dame,,N,(5) Penn State,,Orange Bowl
938,918,22,"Jan 10, 2025",7:30 PM,Fri,(6) Ohio State,,N,(4) Texas,,Cotton Bowl
